,0,1,2,3,4,5,6,7,8,9,10,11,12,13,14,15,16,17,18,19,20,21,22,23,24,25,26,27,28,29,30,31,32,33
0,MH15TC554,0000.xml,M,13-17-27-32,H,25-16-38-33,1,36-16-46-34,5,45-16-55-33,T,58-16-69-33,C,67-16-78-33,5,82-16-92-33,5,91-16-100-33,4,98-16-109-33,,,,,,,,,,,,,,
0,MH02CB4545,0001.xml,M,15-23-32-41,H,33-26-46-44,0,51-29-64-47,2,63-32-77-50,C,80-35-98-54,B,98-37-112-55,4,119-40-132-58,5,132-42-144-59,4,145-44-156-60,5,157-44-170-63,,,,,,,,,,,,
0,KA031351,0003.xml,K,19-11-30-29,A,31-13-40-29,0,40-13-52-30,3,51-15-62-30,1,84-16-92-33,3,93-17-103-34,5,102-17-115-34,1,114-17-124-36,,,,,,,,,,,,,,,,
0,TN0600000,0004.xml,T,156-27-228-156,N,248-31-322-159,0,362-32-435-159,6,456-38-526-161,0,119-164-206-299,0,233-169-311-298,0,322-171-406-301,0,420-172-500-304,0,507-177-593-302,,,,,,,,,,,,,,
0,KA51MJ8156,0005.xml,K,22-13-33-34,A,34-13-45-34,5,45-12-58-34,1,59-14-69-34,M,69-14-82-35,J,83-15-95-36,8,95-15-107-36,1,109-15-119-37,5,120-15-133-37,6,133-16-146-38,,,,,,,,,,,,
0,HR696969,0006.xml,H,29-22-46-47,R,47-23-63-48,6,69-22-86-48,9,87-24-103-49,6,109-24-127-50,9,127-24-144-51,6,145-25-162-50,9,163-25-181-51,,,,,,,,,,,,,,,,
0,TN07BU5427,0008.xml,T,11-23-28-60,N,29-23-47-61,0,55-24-72-61,7,73-23-92-61,B,96-23-114-62,U,115-23-134-62,5,138-24-157-62,4,159-24-179-63,2,184-23-204-63,7,208-23-227-63,,,,,,,,,,,,
0,GJ05443,0009.xml,G,29-41-46-95,J,47-50-64-104,0,65-55-83-114,5,86-61-103-119,4,177-102-198-164,4,202-109-224-174,3,229-118-252-184,,,,,,,,,,,,,,,,,,
0,KL55R2473,0010.xml,K,20-33-35-62,L,36-33-51-62,5,58-32-75-61,5,75-32-93-60,R,99-31-115-60,2,124-31-140-60,4,142-30-159-59,7,159-30-177-60,3,178-30-196-59,,,,,,,,,,,,,,
0,PYOIBLII55,0011.xml,P,19-13-28-26,Y,28-13-39-26,O,19-30-30-44,I,31-31-37-44,B,54-14-68-45,L,69-14-81-46,I,87-14-93-46,I,95-14-101-47,5,103-14-119-47,5,119-15-136-47,,,,,,,,,,,,
0,MH20CS1941,0012.xml,M,13-13-32-42,H,35-13-51-42,2,58-13-74-43,0,77-13-93-42,C,97-13-114-42,S,115-13-132-43,1,137-12-151-42,9,155-12-172-43,4,175-12-192-43,1,195-13-209-43,,,,,,,,,,,,
0,TS09EB1458,0013.xml,T,63-36-76-59,S,76-37-91-60,0,96-38-110-62,9,110-39-124-62,E,51-62-64-85,B,63-62-78-86,1,83-64-94-87,4,93-65-107-89,5,107-66-119-90,8,118-67-132-92,,,,,,,,,,,,
0,PB03AGT8979,0014.xml,P,33-31-47-50,B,46-32-60-52,0,61-33-71-53,3,72-34-83-54,A,83-34-97-55,G,97-36-113-56,T,120-38-132-58,8,139-38-151-59,9,151-39-163-59,7,164-40-175-60,9,175-41-187-61,,,,,,,,,,
0,DL7CN5617,0015.xml,D,29-20-48-51,L,49-20-66-50,7,71-20-87-51,C,89-20-107-51,N,118-20-136-51,5,152-20-168-50,6,171-20-187-50,1,189-21-204-50,7,202-20-219-51,,,,,,,,,,,,,,
0,DL3CAY9324,0016.xml,D,18-22-33-41,L,33-22-46-41,3,53-22-66-42,C,73-22-89-42,A,89-22-107-42,Y,107-22-123-43,9,129-22-144-42,3,143-22-158-42,2,158-22-172-42,4,172-22-186-42,,,,,,,,,,,,
0,TN74AH1413,0017.xml,T,11-28-19-42,N,19-29-29-42,7,32-29-40-43,4,41-30-50-42,A,52-29-63-42,H,62-29-74-43,1,75-30-83-43,4,84-30-93-43,1,95-30-103-43,3,103-30-112-43,,,,,,,,,,,,
0,TN74F3339,0018.xml,T,20-12-27-27,N,27-13-35-28,7,35-13-43-28,4,43-13-51-28,F,50-14-58-28,3,60-15-67-28,3,66-15-74-29,3,73-15-80-29,9,79-15-86-29,,,,,,,,,,,,,,
0,GJW115A1138,0020.xml,G,15-32-31-56,J,31-33-45-57,W,44-34-64-58,1,72-35-82-58,1,88-36-98-59,5,98-36-110-59,A,118-37-133-60,1,141-37-151-61,1,151-38-161-62,3,161-38-173-62,8,173-38-185-62,,,,,,,,,,
0,DL12CG6648,0021.xml,D,10-13-28-40,L,27-14-41-42,1,56-14-68-43,2,68-15-83-43,C,102-16-121-46,G,121-17-140-46,6,153-19-170-47,6,170-20-186-48,4,186-19-202-48,8,202-20-219-48,,,,,,,,,,,,
0,MH03BS7778,0022.xml,M,26-23-46-52,H,46-23-65-52,0,69-24-85-53,3,87-24-104-53,B,108-24-127-54,S,129-24-147-53,7,153-25-170-53,7,171-23-187-55,7,188-24-205-53,8,206-24-220-52,,,,,,,,,,,,
0,MH03BS7778,0023.xml,M,38-16-61-54,H,62-16-87-52,0,90-16-108-52,3,110-15-131-51,B,134-13-155-49,S,157-12-180-48,7,184-11-203-48,7,204-11-222-46,7,224-10-242-46,8,244-9-262-44,,,,,,,,,,,,
0,ASM14,0024.xml,A,37-24-55-56,S,57-26-76-56,M,136-27-154-58,1,168-27-182-59,4,227-27-246-58,,,,,,,,,,,,,,,,,,,,,,
0,HR26TC7099,0025.xml,H,15-18-32-35,R,30-17-47-34,2,46-14-59-31,6,56-14-69-30,T,69-11-82-28,C,81-10-95-27,7,96-7-107-24,0,106-6-118-23,9,116-5-127-21,9,125-4-137-20,,,,,,,,,,,,
0,KL31B4000,0028.xml,K,71-99-241-394,L,268-101-440-394,3,507-101-675-393,1,688-105-864-392,B,970-107-1137-399,4,1281-103-1464-394,0,1479-103-1656-394,0,1668-101-1842-396,0,1855-99-2023-386,,,,,,,,,,,,,,
0,UP14CP6748,0029.xml,U,87-92-215-250,P,220-93-337-247,1,395-95-467-245,4,472-93-566-247,C,601-84-721-247,P,731-90-846-253,6,897-94-982-247,7,991-93-1074-251,4,1076-94-1169-244,8,1172-92-1256-247,,,,,,,,,,,,
0,GJ05JD9759,0030.xml,G,2-77-80-237,J,64-84-151-252,0,144-95-226-271,5,218-99-307-287,J,312-121-425-310,D,401-125-508-328,9,523-150-637-367,7,628-161-765-387,5,750-178-877-419,9,877-208-1018-451,,,,,,,,,,,,
0,KL02AF6363,0031.xml,K,34-16-47-37,L,46-17-58-37,0,65-17-76-37,2,77-17-89-37,A,27-43-38-63,F,38-43-50-63,6,50-43-63-63,3,64-43-74-63,6,75-43-87-63,3,86-44-98-63,,,,,,,,,,,,
0,KL454455,0032.xml,K,31-19-40-40,L,41-20-52-42,4,60-22-72-43,5,72-22-84-44,4,92-24-104-46,4,105-25-115-47,5,116-25-128-47,5,129-26-141-49,,,,,,,,,,,,,,,,
0,TN07BV5200,0033.xml,T,38-22-53-46,N,51-23-68-47,0,66-24-82-47,7,80-24-95-49,B,95-25-111-48,V,110-25-125-49,5,125-25-142-49,2,142-26-159-50,0,157-27-174-51,0,174-26-190-50,,,,,,,,,,,,
0,MH20EE7597,0034.xml,M,80-99-184-255,H,197-99-287-255,2,329-97-425-256,0,440-100-535-259,E,578-94-672-260,E,687-101-782-261,7,827-102-916-263,5,934-102-1028-266,9,1045-107-1132-266,7,1147-108-1240-275,,,,,,,,,,,,
0,MH14TCF459,0035.xml,M,31-20-52-45,H,51-20-70-46,1,76-20-90-45,4,90-20-107-46,T,110-21-128-45,C,126-20-143-46,F,143-21-157-46,4,163-21-179-46,5,178-21-193-47,9,193-21-207-47,,,,,,,,,,,,
0,KA21M5519,0037.xml,K,18-19-26-32,A,27-19-34-32,2,37-20-46-32,1,46-20-52-33,M,14-32-22-46,5,25-33-34-45,5,34-33-41-46,1,43-33-49-46,9,50-34-57-46,,,,,,,,,,,,,,
0,DL10NTC0169,0038.xml,D,3-1-14-23,L,13-1-22-23,1,25-1-34-23,0,34-1-42-23,N,45-1-55-23,T,53-1-61-22,C,61-1-70-22,0,74-1-83-22,1,82-1-92-23,6,90-1-99-22,9,98-1-107-23,,,,,,,,,,
0,MH12DE1433,0039.xml,M,1-21-23-66,H,29-20-52-67,1,62-21-79-66,2,87-21-111-66,D,121-21-143-66,E,152-20-176-66,1,186-20-202-66,4,211-20-234-65,3,242-19-267-64,3,272-18-291-63,,,,,,,,,,,,
0,HR26BR9044,0040.xml,H,8-20-21-37,R,21-22-32-38,2,36-23-46-39,6,46-23-55-39,B,60-24-71-40,R,71-25-83-42,9,87-26-97-42,0,97-27-107-43,4,106-28-117-44,4,116-29-127-45,,,,,,,,,,,,
0,KL16J3636,0041.xml,K,18-31-34-49,L,32-31-47-49,1,57-32-65-49,6,66-32-80-49,J,86-32-102-50,3,107-32-120-49,6,121-32-134-50,3,134-32-147-50,6,147-32-160-51,,,,,,,,,,,,,,
0,MH06A8929W,0042.xml,M,2-15-17-39,H,15-18-29-41,0,28-19-39-43,6,37-21-49-45,A,49-24-64-48,8,81-27-94-53,9,91-29-105-54,2,103-30-118-55,9,116-31-130-57,W,58-24-77-49,,,,,,,,,,,,
0,TN37CF4902,0043.xml,T,130-31-170-93,N,175-32-222-92,3,237-32-280-91,7,282-31-325-92,C,342-32-382-93,F,388-32-421-94,4,112-124-191-216,9,199-124-272-214,0,284-121-355-214,2,365-122-441-213,,,,,,,,,,,,
0,46Z8892MH,0044.xml,4,102-39-119-63,6,118-36-135-60,Z,144-28-165-55,8,171-23-188-47,8,187-19-204-43,9,203-15-220-39,2,221-10-239-35,M,53-49-76-67,H,76-45-99-67,,,,,,,,,,,,,,
0,MK20TC189B,0045.xml,M,21-18-35-35,K,32-17-43-34,2,43-17-52-33,0,50-16-59-31,T,57-14-67-31,C,65-13-76-29,1,74-13-81-28,8,78-12-87-28,9,85-12-93-27,B,92-10-102-26,,,,,,,,,,,,
0,MH20CS9817,0046.xml,M,15-25-27-50,H,31-25-45-50,2,49-25-63-49,0,66-25-80-50,C,85-25-98-50,S,101-25-115-50,9,120-25-135-51,8,136-25-151-50,1,154-25-164-51,7,169-25-183-51,,,,,,,,,,,,
0,MH14EH7958,0047.xml,M,15-16-29-41,H,31-16-45-41,1,53-16-63-41,4,66-16-80-41,E,83-16-97-41,H,100-15-113-41,7,117-16-131-41,9,134-17-148-41,5,149-17-163-41,8,166-17-180-42,,,,,,,,,,,,
0,TN02TC0143,0048.xml,T,101-102-161-204,N,165-93-237-197,0,265-82-318-181,2,320-74-373-174,T,392-62-443-159,C,448-56-501-151,0,526-47-573-140,1,570-42-615-131,4,614-35-657-123,3,652-31-695-121,,,,,,,,,,,,
0,MH14TCF460,0050.xml,M,21-33-42-54,H,42-31-62-52,1,69-29-82-51,4,83-28-100-49,T,104-27-121-48,C,121-26-137-47,F,136-26-151-47,4,157-24-173-46,6,171-23-186-46,0,185-23-200-44,,,,,,,,,,,,
0,HR26CK8571,0051.xml,H,19-23-29-37,R,29-24-38-37,2,41-24-49-38,6,49-24-57-38,C,61-25-69-39,K,70-25-80-39,8,85-26-93-39,5,94-26-101-39,7,101-26-109-40,1,109-26-115-41,,,,,,,,,,,,
0,GJ17TC214,0052.xml,G,23-15-32-30,J,33-16-41-31,1,46-16-53-32,7,52-17-61-34,T,68-18-76-34,C,76-19-87-35,2,90-20-99-37,1,100-21-106-37,4,107-21-116-38,,,,,,,,,,,,,,
0,MH20EE7601,0053.xml,M,12-13-24-31,H,24-12-37-30,2,39-11-50-29,0,51-11-61-29,E,65-9-76-27,E,75-9-88-27,7,90-7-101-26,6,101-7-111-25,0,112-5-122-24,1,124-5-133-23,,,,,,,,,,,,
0,MH20EE7598,0054.xml,M,10-20-23-39,H,24-20-37-39,2,40-21-52-39,0,55-20-65-40,E,71-20-82-40,E,84-21-95-40,7,101-21-113-41,5,114-21-126-42,9,127-21-138-40,8,140-21-152-41,,,,,,,,,,,,
0,MH20TC640B,0055.xml,M,16-17-34-37,H,32-16-46-35,2,47-15-60-33,0,58-13-69-32,T,70-11-82-30,C,81-10-92-30,6,95-9-105-27,4,104-9-114-26,0,112-8-121-26,B,123-6-136-25,,,,,,,,,,,,
0,HP896786,0057.xml,H,46-14-63-30,P,64-11-79-25,8,86-7-103-21,9,104-4-118-18,6,41-30-63-51,7,63-25-85-47,8,86-21-109-42,6,110-17-131-37,,,,,,,,,,,,,,,,
0,TN37CR4019,0058.xml,T,32-43-44-70,N,43-44-58-72,3,61-47-75-73,7,75-47-89-75,C,93-50-106-78,R,105-51-120-79,4,125-54-139-81,0,140-55-155-84,1,154-56-163-85,9,163-57-177-87,,,,,,,,,,,,
0,HR99EXTEMP6037,0059.xml,H,7-33-20-53,R,20-33-32-53,9,32-33-42-53,9,42-33-53-53,E,58-33-69-53,X,69-33-82-54,T,92-33-103-54,E,103-33-115-53,M,115-34-129-54,P,129-34-140-54,6,152-33-162-53,0,162-32-173-54,3,173-33-183-55,7,182-34-194-54,,,,
0,KA51AA3469,0060.xml,K,76-55-96-93,A,96-54-116-92,5,123-53-143-91,1,142-52-158-90,A,165-51-184-88,A,183-50-202-88,3,209-48-229-86,4,228-48-246-84,6,246-48-266-83,9,264-46-283-82,,,,,,,,,,,,
0,KL07BF5000,0061.xml,K,25-17-37-39,L,38-17-49-38,0,51-17-62-37,7,63-17-76-37,B,76-16-88-38,F,89-16-100-36,5,101-15-113-36,0,114-16-125-35,0,126-14-137-35,0,139-15-150-35,,,,,,,,,,,,
0,MH04EE2299,0062.xml,M,109-25-169-126,H,178-23-241-123,0,261-22-327-123,4,337-21-398-122,E,91-159-143-234,E,143-157-197-234,2,200-131-262-230,2,268-130-331-229,9,341-127-400-231,9,411-126-472-228,,,,,,,,,,,,
0,MH02BK9793,0063.xml,M,41-19-59-43,H,59-16-79-40,0,90-12-105-34,2,107-9-127-32,B,29-52-44-72,K,45-49-59-70,9,60-40-79-65,7,80-36-97-63,9,98-35-117-59,3,118-31-137-56,,,,,,,,,,,,
0,TN38M6G162,0065.xml,T,52-19-81-52,N,82-19-112-52,3,127-20-152-52,8,153-20-178-53,M,2-76-43-120,6,100-77-134-121,G,47-76-83-120,1,136-76-157-120,6,164-77-193-121,2,194-76-224-121,,,,,,,,,,,,
0,WB07D5106,0066.xml,W,34-45-75-89,B,71-40-105-84,0,103-35-129-77,7,123-27-149-71,D,145-24-177-67,5,174-14-202-59,1,198-12-226-54,0,97-87-146-152,6,149-74-200-146,,,,,,,,,,,,,,
0,HR26CF5868,0067.xml,H,8-15-14-30,R,14-15-20-33,2,19-19-24-35,6,24-21-29-37,C,29-23-35-40,F,35-25-40-41,5,40-28-46-44,8,46-30-52-47,6,52-33-58-49,8,59-34-65-52,,,,,,,,,,,,
0,KL13AA6340,0068.xml,K,10-25-20-37,L,19-25-29-37,1,32-25-39-37,3,38-24-47-36,A,50-25-60-36,A,59-25-69-37,6,73-24-83-36,3,82-25-91-36,4,91-25-100-36,0,100-24-108-36,,,,,,,,,,,,
0,MH02BM5048,0069.xml,M,14-19-34-40,H,34-19-52-40,0,55-20-68-39,2,68-20-82-39,B,83-19-99-39,M,99-20-117-40,5,118-20-130-39,0,130-20-143-40,4,143-20-155-39,8,154-19-166-39,,,,,,,,,,,,
0,MH13BN4348,0070.xml,M,34-18-41-27,H,41-17-48-28,1,54-17-59-28,3,59-18-66-28,B,43-29-51-38,N,50-28-59-39,4,73-20-83-36,3,82-21-93-37,4,93-21-104-37,8,103-21-113-36,,,,,,,,,,,,
0,HR26DK6475,0071.xml,H,36-22-52-47,R,52-22-66-47,2,68-22-81-47,6,83-21-96-47,D,98-21-111-46,K,113-21-127-48,6,128-22-143-46,4,144-21-157-46,7,156-21-172-46,5,174-20-186-46,,,,,,,,,,,,
0,DL10CG4693,0072.xml,D,30-35-50-66,L,50-35-69-67,1,72-34-88-67,0,89-36-107-65,C,110-34-127-66,G,129-34-148-66,4,149-34-168-65,6,169-34-185-64,9,188-34-206-64,3,208-33-226-65,,,,,,,,,,,,
0,MH14TCE4,0073.xml,M,12-17-28-32,H,27-18-40-33,1,44-19-52-34,4,52-19-62-35,T,63-20-75-35,C,74-21-87-37,E,86-22-99-37,4,101-24-113-39,,,,,,,,,,,,,,,,
0,MH04DW8351,0074.xml,M,32-22-44-43,H,45-22-56-43,0,58-22-70-43,4,71-23-83-43,D,84-22-95-43,W,96-22-108-43,8,110-22-122-42,3,123-22-134-43,5,135-22-148-43,1,150-22-160-42,,,,,,,,,,,,
0,KL25B2001,0076.xml,K,18-7-30-33,L,33-9-46-34,2,52-10-64-34,5,67-10-80-35,B,87-10-100-36,2,106-11-120-35,0,122-11-135-36,0,138-12-151-38,1,156-13-166-37,,,,,,,,,,,,,,
0,MH02AJ344,0077.xml,M,57-18-91-59,H,86-23-117-65,0,122-34-150-71,2,148-40-176-79,A,186-48-210-88,J,210-54-233-92,3,242-62-268-99,4,272-68-293-107,4,297-77-317-112,,,,,,,,,,,,,,
0,KA03MX5058,0078.xml,K,23-36-33-44,A,33-36-44-44,0,47-36-55-43,3,56-36-65-43,M,68-35-79-44,X,79-35-90-44,5,92-35-101-44,0,101-35-110-44,5,109-34-118-44,8,118-35-127-44,,,,,,,,,,,,
0,MH15BD8877,0079.xml,M,45-22-72-69,H,72-23-97-68,1,104-24-119-68,5,121-24-146-68,B,145-25-166-68,D,168-26-191-69,8,191-26-211-68,8,212-26-230-66,7,232-25-252-68,7,250-24-270-67,,,,,,,,,,,,
0,KL06H5834,0080.xml,K,28-24-47-55,L,45-28-62-59,0,80-38-100-68,6,99-42-118-71,H,129-48-153-80,5,175-57-198-89,8,196-63-217-94,3,215-68-237-97,4,236-74-259-101,,,,,,,,,,,,,,
0,KL05AK3300,0081.xml,K,12-26-24-40,L,23-27-34-39,0,35-27-45-38,5,43-26-54-38,A,56-26-65-38,K,65-25-74-37,3,76-26-85-38,3,85-25-94-37,0,94-25-103-37,0,103-25-111-37,,,,,,,,,,,,
0,GJ01MW7581,0082.xml,G,76-38-117-101,J,113-21-145-84,0,134-9-174-69,1,167-1-197-49,M,72-123-119-175,W,103-104-150-173,7,135-89-166-154,5,160-72-202-133,8,191-61-227-118,1,218-43-252-102,,,,,,,,,,,,
0,KL07CB8599,0083.xml,K,24-12-35-31,L,34-14-46-31,0,46-12-56-30,7,57-13-67-31,C,67-13-78-31,B,78-13-88-32,8,89-14-99-32,5,99-14-109-31,9,109-14-119-32,9,119-14-130-32,,,,,,,,,,,,
0,TN38BY4191,0084.xml,T,19-24-31-43,N,30-24-43-44,3,42-25-54-43,8,55-25-65-44,B,66-25-77-44,Y,78-25-89-44,4,90-25-102-44,1,103-26-113-45,9,112-26-125-45,1,126-26-136-46,,,,,,,,,,,,
0,TN52U1580,0085.xml,T,13-25-32-55,N,33-25-52-56,5,57-25-76-56,2,76-25-93-56,U,99-25-118-56,1,125-26-141-58,5,141-28-160-58,8,160-28-178-60,0,179-29-199-60,,,,,,,,,,,,,,
0,KL01U585,0086.xml,K,33-31-60-61,L,51-26-78-51,0,75-10-100-36,1,96-1-115-26,U,60-52-86-77,5,80-41-102-67,8,99-33-120-58,5,114-22-139-49,,,,,,,,,,,,,,,,
0,CL31VLGP,0087.xml,C,41-32-62-69,L,62-32-84-70,3,97-31-119-69,1,120-31-140-69,V,152-31-173-69,L,174-30-197-69,G,223-29-245-67,P,246-30-266-67,,,,,,,,,,,,,,,,
0,CL31VLGP,0088.xml,C,23-56-58-127,L,61-59-96-126,3,123-53-158-129,1,162-53-194-130,V,218-54-256-127,L,255-53-288-128,G,342-52-377-123,P,378-51-411-122,,,,,,,,,,,,,,,,
0,KA29Z999,0089.xml,K,104-47-161-133,A,170-49-220-135,2,259-50-311-134,9,319-51-369-133,Z,415-46-467-132,9,504-45-554-128,9,566-40-614-128,9,623-39-671-125,,,,,,,,,,,,,,,,
0,KL01AL1661,0091.xml,K,27-39-40-58,L,41-37-53-56,0,59-32-72-52,1,72-32-81-48,A,86-27-98-45,L,97-27-109-43,1,113-21-122-39,6,122-19-132-37,6,130-18-141-35,1,141-16-149-33,,,,,,,,,,,,
0,HR26,0092.xml,H,42-13-60-39,R,62-13-80-39,2,88-15-102-39,6,104-15-119-39,,,,,,,,,,,,,,,,,,,,,,,,
0,MH149TC47,0093.xml,M,13-21-22-33,H,22-22-30-35,1,35-24-40-36,4,41-25-47-38,9,73-30-80-41,T,51-26-59-39,C,59-28-67-40,4,80-30-88-42,7,88-31-96-43,,,,,,,,,,,,,,
0,DL3CAY2231,0094.xml,D,13-16-25-38,L,25-15-38-38,3,40-16-52-37,C,53-15-66-37,A,67-15-80-37,Y,81-15-92-37,2,94-16-107-37,2,108-15-121-38,3,121-15-135-37,1,137-15-146-37,,,,,,,,,,,,
0,KL10AV6633,0095.xml,K,24-46-53-87,L,55-48-85-89,1,99-51-117-89,0,122-51-149-91,A,161-51-190-94,V,194-53-224-96,6,240-57-265-96,6,268-57-294-98,3,297-60-323-99,3,326-61-351-101,,,,,,,,,,,,
0,DLLCAB123X,0096.xml,D,39-22-59-50,L,60-22-80-50,L,82-22-102-50,C,105-22-125-50,A,126-22-146-50,B,148-22-168-51,1,173-22-189-50,2,192-22-212-50,3,214-22-234-50,X,236-22-255-50,,,,,,,,,,,,
0,MH20B4Y546,0097.xml,M,10-17-17-31,H,17-19-24-31,2,23-19-30-32,0,30-19-37-32,B,39-20-45-33,4,55-22-62-34,Y,45-21-52-34,5,75-23-82-35,4,62-22-68-35,6,68-23-75-35,,,,,,,,,,,,
0,KL48H9383,0098.xml,K,53-4-78-43,L,80-5-104-44,4,119-5-145-44,8,148-5-172-43,H,45-45-71-82,9,80-46-102-83,3,106-46-129-84,8,133-47-156-83,3,160-47-184-84,,,,,,,,,,,,,,
0,MH2OEU9991,0099.xml,M,51-14-70-26,H,69-13-85-25,2,87-12-101-24,O,100-12-114-23,E,118-11-131-22,U,130-11-145-22,9,50-28-79-55,9,79-27-106-52,9,107-25-134-51,1,134-25-151-50,,,,,,,,,,,,
0,KLT708253,0100.xml,K,58-17-84-57,L,85-18-110-57,T,50-58-74-100,7,82-59-107-100,0,124-19-152-57,8,154-20-175-58,2,110-60-134-100,5,137-61-160-101,3,163-61-188-101,,,,,,,,,,,,,,
0,KL08BH6265,0101.xml,K,56-8-83-46,L,82-8-108-46,0,125-7-151-44,8,153-8-175-44,B,46-58-64-87,H,67-57-86-88,6,88-47-111-86,2,115-48-137-87,6,141-48-165-86,5,166-47-190-85,,,,,,,,,,,,
0,DL7SBS6930,0102.xml,D,62-20-91-69,L,95-21-123-70,7,128-18-157-65,S,162-21-189-67,B,27-73-55-122,S,61-72-90-121,6,95-73-124-120,9,129-71-157-120,3,162-72-189-119,0,195-72-220-118,,,,,,,,,,,,
0,TN19K9318,0103.xml,T,31-106-219-365,N,247-114-428-368,1,472-118-657-373,9,683-121-876-375,K,916-126-1103-375,9,1155-129-1333-379,3,1356-130-1531-383,1,1555-131-1733-376,8,1760-138-1944-383,,,,,,,,,,,,,,
0,KA05HS4495,0105.xml,K,144-74-235-159,A,242-72-319-154,0,363-63-447-146,5,451-54-540-141,H,83-183-168-256,S,158-180-240-253,4,265-181-348-254,4,347-176-433-250,9,437-173-519-251,5,524-170-606-248,,,,,,,,,,,,
0,WB74X7605,0106.xml,W,6-27-16-39,B,16-27-24-38,7,26-25-33-36,4,33-26-39-37,X,38-24-47-36,7,53-23-60-35,6,60-24-68-35,0,68-22-74-34,5,75-22-82-34,,,,,,,,,,,,,,
0,TN40K7500,0108.xml,T,109-9-179-129,N,185-12-254-129,4,297-11-369-130,0,366-12-437-128,K,78-143-155-265,7,182-142-250-264,5,254-145-324-264,0,328-144-392-263,0,397-144-470-264,,,,,,,,,,,,,,
0,TN66U8215,0109.xml,T,28-33-53-82,N,58-32-85-81,6,94-33-119-81,6,124-31-152-81,U,161-31-192-82,8,204-29-230-79,2,237-29-266-80,1,269-26-300-78,5,305-24-338-80,,,,,,,,,,,,,,
0,AK5600MH12,0110.xml,A,9-78-67-210,K,70-83-126-215,5,126-85-173-217,6,182-86-230-219,0,231-146-255-221,0,255-146-282-219,M,223-11-258-40,H,257-12-282-40,1,284-15-299-42,2,299-15-319-44,,,,,,,,,,,,
0,T0N2AH4432,0111.xml,T,59-51-115-102,0,178-52-234-98,N,107-51-171-99,2,241-50-301-99,A,306-49-363-94,H,370-50-430-95,4,440-49-490-94,4,491-47-541-94,3,536-49-598-90,2,590-49-642-94,,,,,,,,,,,,
0,KL65E1000,0112.xml,K,109-19-174-128,L,174-21-242-132,6,284-20-342-128,5,344-19-416-126,E,79-156-152-270,1,181-156-244-264,0,244-155-308-263,0,311-155-377-261,0,377-152-443-261,,,,,,,,,,,,,,
0,MH01AE8017,0113.xml,M,57-45-103-134,H,102-46-146-132,0,146-47-186-126,1,190-45-223-122,A,226-44-259-120,E,256-41-292-116,8,292-44-323-113,0,322-40-352-110,1,355-39-378-109,7,378-38-404-107,,,,,,,,,,,,
0,TN42R2697,0115.xml,T,34-25-69-65,N,68-25-106-68,4,119-28-160-70,2,159-26-204-75,R,225-27-269-80,2,299-33-345-81,6,348-34-396-84,9,396-34-452-86,7,453-38-507-89,,,,,,,,,,,,,,
0,TN42R2697,0116.xml,T,63-27-112-69,N,115-30-163-71,4,182-31-234-70,2,236-31-288-74,R,304-30-364-72,2,25-90-106-148,6,121-97-200-151,9,217-97-298-151,7,312-95-387-152,,,,,,,,,,,,,,
0,TN42R2697,0117.xml,T,73-35-89-52,N,89-37-106-57,4,111-40-129-61,2,128-44-147-64,R,153-48-176-69,2,58-61-84-90,6,86-68-117-98,9,120-75-152-105,7,158-81-189-110,,,,,,,,,,,,,,
0,TN43J0158,0118.xml,T,58-27-80-60,N,84-25-108-59,4,118-23-137-55,3,141-22-162-54,J,44-64-65-93,0,78-61-101-91,1,108-59-121-89,5,128-56-147-87,8,151-55-171-85,,,,,,,,,,,,,,
0,TS08ER1643,0119.xml,T,25-26-74-94,S,76-27-118-91,0,123-25-164-90,8,167-25-210-86,E,209-22-254-85,R,250-19-293-83,1,300-19-333-80,6,337-17-374-75,4,376-15-413-75,3,412-14-447-73,,,,,,,,,,,,
0,KL09AL9540,0120.xml,K,25-25-42-42,L,41-27-54-42,0,61-29-75-44,9,74-29-90-45,A,95-31-111-48,L,112-33-126-48,9,131-33-145-49,5,176-35-189-50,4,147-34-160-48,0,160-35-175-50,,,,,,,,,,,,
0,DL3CBF3907,0121.xml,D,50-21-83-79,L,84-21-119-78,3,119-22-151-79,C,153-23-186-79,B,193-24-225-80,F,225-23-258-82,3,261-23-290-81,9,292-24-322-81,0,322-24-356-80,7,354-21-386-82,,,,,,,,,,,,
0,HR26BA8008,0122.xml,H,24-55-45-80,R,43-51-62-75,2,60-46-78-70,6,77-41-93-63,B,99-36-114-57,A,115-31-130-52,8,134-26-147-45,0,147-21-159-41,0,159-18-172-37,8,171-15-184-34,,,,,,,,,,,,
0,MH02CT2727,0123.xml,M,18-20-33-52,H,35-22-51-51,0,58-21-72-52,2,76-21-91-52,C,98-23-112-51,T,116-22-130-52,2,136-22-154-52,7,154-22-169-52,2,173-23-188-52,7,191-22-204-52,,,,,,,,,,,,
0,MH203BY665,0125.xml,M,27-23-38-43,H,39-23-50-43,2,53-23-64-42,0,66-23-75-41,3,101-23-111-41,B,77-23-87-42,Y,89-23-100-42,6,113-22-124-42,6,128-23-137-41,5,139-23-150-42,,,,,,,,,,,,
0,UP80CR00,0127.xml,U,37-51-67-73,P,69-50-97-74,8,111-53-136-74,0,138-54-167-76,C,74-86-98-107,R,99-87-132-110,0,248-63-283-113,0,288-65-322-113,,,,,,,,,,,,,,,,
0,TN09CH7770,0128.xml,T,17-12-26-24,N,25-13-37-25,0,38-14-48-25,9,47-15-57-26,C,59-16-69-26,H,68-17-79-27,7,81-17-91-27,7,91-17-100-28,7,99-18-109-29,0,109-19-120-29,,,,,,,,,,,,
0,KL43B2344,0129.xml,K,32-35-48-51,L,48-36-62-51,4,69-36-84-51,3,85-36-100-52,B,108-35-123-52,2,132-37-147-53,3,148-35-163-53,4,163-37-177-53,4,180-37-193-52,,,,,,,,,,,,,,
0,DL49AK49,0130.xml,D,57-25-107-87,L,110-28-142-89,4,142-27-187-85,9,189-27-225-86,A,251-28-310-88,K,309-27-356-87,4,354-25-399-89,9,400-25-439-87,,,,,,,,,,,,,,,,
0,AP02BP2454,0131.xml,A,13-18-23-33,P,25-19-34-34,0,38-19-48-34,2,49-19-58-34,B,63-20-73-34,P,74-20-84-35,2,88-21-98-36,4,99-22-107-36,5,108-22-116-36,4,117-21-126-37,,,,,,,,,,,,
0,AP20N3100,0132.xml,A,14-25-23-36,P,24-26-31-36,2,36-25-44-37,0,44-26-52-37,N,55-27-64-37,3,68-28-76-38,1,77-28-83-38,0,82-28-90-39,0,90-28-97-39,,,,,,,,,,,,,,
0,MP09CP9052,0133.xml,M,9-27-22-45,P,22-31-32-47,0,33-35-44-50,9,44-39-54-54,C,57-43-67-59,P,67-45-78-61,9,82-50-93-67,0,92-54-103-69,5,103-57-114-73,2,114-61-124-77,,,,,,,,,,,,
0,TN59AQ1515,0134.xml,T,16-24-25-38,N,25-25-34-39,5,34-26-43-40,9,44-27-53-40,A,55-27-66-41,Q,69-28-81-42,1,83-22-91-43,5,92-22-105-43,1,106-23-116-44,5,117-23-131-45,,,,,,,,,,,,
0,KA03AB3380,0135.xml,K,23-5-36-25,A,35-7-47-27,0,53-10-64-28,3,63-11-75-31,A,82-13-93-33,B,92-14-103-34,3,119-17-131-37,3,131-18-141-37,8,141-19-153-37,0,152-20-165-39,,,,,,,,,,,,
0,HR99HATEMP4575,0136.xml,H,21-32-29-47,R,30-32-37-47,9,42-32-49-48,9,49-33-56-48,H,60-32-68-48,A,68-33-75-49,T,84-33-89-45,E,89-33-95-45,M,95-33-102-46,P,101-34-108-46,4,118-34-125-49,5,125-34-131-49,7,131-35-137-49,5,137-34-144-50,,,,
0,MH06AW8929,0137.xml,M,17-29-36-52,H,35-29-54-53,0,56-31-69-54,6,68-30-84-53,A,85-30-102-53,W,98-31-121-53,8,122-31-136-52,9,136-30-151-53,2,150-31-163-53,9,164-31-179-53,,,,,,,,,,,,
0,HR26CT4063,0138.xml,H,14-31-30-53,R,30-32-47-53,2,49-30-64-52,6,62-30-77-51,C,78-30-93-52,T,91-30-106-51,4,106-30-123-51,0,123-30-138-52,6,138-30-153-52,3,154-30-167-52,,,,,,,,,,,,
0,HR26DA2330,0139.xml,H,5-12-16-33,R,15-13-27-33,2,29-13-39-33,6,38-13-48-34,D,50-12-62-34,A,62-12-74-33,2,75-12-88-34,3,86-12-97-34,3,95-11-107-33,0,106-12-117-33,,,,,,,,,,,,
0,HR26TC5665,0140.xml,H,11-14-21-27,R,21-14-29-27,2,29-13-38-26,6,37-13-44-27,T,45-13-53-27,C,52-13-60-26,5,61-12-69-26,6,79-13-87-25,6,67-12-75-26,5,74-13-81-26,,,,,,,,,,,,
0,KL10AV6633,0141.xml,K,14-21-36-49,L,34-21-58-47,1,59-19-75-47,0,75-19-93-45,A,96-18-116-44,V,114-15-136-43,6,138-14-157-42,6,158-13-176-41,3,176-12-195-40,3,197-10-214-38,,,,,,,,,,,,
0,HR26DA5443,0142.xml,H,14-17-23-41,R,23-17-33-40,2,34-16-42-39,6,41-14-49-37,D,50-13-59-36,A,58-12-68-34,5,68-10-75-32,4,75-9-81-30,4,81-8-87-30,3,86-7-92-30,,,,,,,,,,,,
0,KL10AW2111,0143.xml,K,13-26-28-44,L,28-26-42-43,1,48-27-56-44,0,58-28-72-43,A,75-27-89-44,W,88-27-102-45,2,104-28-118-44,1,120-27-129-44,1,133-28-141-44,1,145-28-154-45,,,,,,,,,,,,
0,KL10AWW814,0144.xml,K,9-40-35-71,L,34-40-63-71,1,77-38-93-71,0,97-41-125-71,A,131-41-155-72,W,155-39-184-72,W,191-41-217-73,8,219-40-242-72,1,252-42-268-72,4,274-40-302-73,,,,,,,,,,,,
0,KL10AW2814,0145.xml,K,25-45-50-82,L,51-43-75-82,1,103-48-124-83,0,126-47-152-83,A,177-51-201-84,W,201-49-224-87,2,255-53-277-87,8,280-52-302-87,1,305-53-326-90,4,327-54-352-90,,,,,,,,,,,,
0,HR26CH3604,0146.xml,H,24-19-37-34,R,36-20-51-35,2,53-19-65-34,6,64-19-74-33,C,79-19-91-34,H,91-18-105-33,3,109-18-119-34,6,119-19-129-33,0,129-19-138-33,4,138-19-149-34,,,,,,,,,,,,
0,HR26DA0471,0147.xml,H,1-12-13-37,R,14-14-28-38,2,33-15-45-38,6,45-15-57-38,D,61-15-76-38,A,75-14-91-39,0,95-15-108-40,4,108-16-120-40,7,121-16-133-40,1,134-16-145-40,,,,,,,,,,,,
0,HPSX4000,0148.xml,H,38-20-65-67,P,65-20-91-68,S,122-19-147-67,X,148-19-174-67,4,183-19-208-67,0,208-19-232-66,0,233-20-257-66,0,257-20-280-66,,,,,,,,,,,,,,,,
0,HR26BP3543,0149.xml,H,16-14-30-36,R,29-13-43-35,2,43-14-57-35,6,56-14-68-34,B,73-13-87-35,P,86-12-100-33,3,100-12-114-33,5,113-12-126-32,4,127-12-140-32,3,140-11-153-32,,,,,,,,,,,,
0,KL10AV6342,0150.xml,K,8-20-26-49,L,26-20-43-50,1,49-22-65-50,0,66-23-82-50,A,88-24-103-52,V,105-25-122-52,6,126-25-141-53,3,142-25-158-53,4,159-26-175-53,2,175-26-191-55,,,,,,,,,,,,
0,KA04ME9869,0151.xml,K,42-10-49-21,A,49-9-57-21,0,63-10-70-22,4,71-9-78-22,M,33-22-41-34,E,41-22-49-35,9,55-22-62-34,8,63-22-70-34,6,70-22-77-34,9,77-22-85-35,,,,,,,,,,,,
0,KA51MJ2143,0152.xml,K,9-10-18-23,A,19-10-26-24,5,32-10-39-23,1,39-10-46-23,M,50-9-59-23,J,59-9-67-23,2,71-10-79-23,1,79-9-85-23,4,85-9-92-23,3,92-10-100-23,,,,,,,,,,,,
0,HR26CM6005,0154.xml,H,24-23-40-46,R,39-22-55-46,2,64-23-78-47,6,78-23-92-47,C,100-23-115-46,M,116-23-134-47,6,141-23-154-47,0,156-23-170-46,0,171-23-186-46,5,187-21-202-46,,,,,,,,,,,,
0,KL10AV6342,0155.xml,K,42-64-78-112,L,75-64-110-109,1,142-47-178-99,0,173-44-210-92,A,249-27-284-81,V,279-20-316-74,6,366-7-400-59,3,397-1-433-54,4,435-1-470-45,2,469-1-509-41,,,,,,,,,,,,
0,2HR6U7501,0156.xml,2,84-32-109-79,H,22-42-55-95,R,51-38-82-89,6,105-28-126-73,U,129-22-151-67,7,154-18-171-59,5,171-15-185-55,0,183-13-199-52,1,197-10-211-47,,,,,,,,,,,,,,
0,KL49H5270,0159.xml,K,60-62-105-103,L,111-62-150-102,4,175-61-219-98,9,229-61-268-100,H,291-60-336-95,5,62-124-128-191,2,138-124-201-190,7,207-121-266-185,0,279-119-344-183,,,,,,,,,,,,,,
0,HR26BU0375,0160.xml,H,13-25-37-58,R,37-23-58-54,2,60-23-83-54,6,83-21-105-51,B,106-18-129-49,U,129-16-152-49,0,155-14-177-46,3,176-12-199-43,7,199-11-219-42,5,220-8-241-40,,,,,,,,,,,,
0,36L1579,0161.xml,3,6-6-16-28,6,16-6-27-27,L,36-4-47-24,1,47-2-57-24,5,20-28-33-48,7,33-27-44-48,9,47-25-60-48,,,,,,,,,,,,,,,,,,
0,TN99F2378,0162.xml,T,18-15-30-29,N,31-16-43-29,9,47-17-57-29,9,57-17-69-29,F,71-16-83-30,2,86-17-97-29,3,98-18-108-30,7,109-17-119-30,8,120-18-131-30,,,,,,,,,,,,,,
0,HR26DK0830,0163.xml,H,18-26-31-55,R,31-26-44-54,2,45-27-58-54,6,59-26-71-54,D,72-25-84-53,K,85-25-97-53,0,98-26-110-53,8,112-25-123-52,3,125-24-136-50,0,138-24-149-50,,,,,,,,,,,,
0,HR26CT6702,0164.xml,H,29-17-46-38,R,45-17-60-38,2,63-17-76-38,6,76-18-89-38,C,92-17-108-38,T,107-17-121-38,6,125-17-139-39,7,138-17-151-38,0,150-17-162-39,2,161-17-176-39,,,,,,,,,,,,
0,MH14GN9239,0167.xml,M,87-25-103-56,H,106-26-122-55,1,124-24-136-55,4,137-25-151-54,G,106-59-120-88,N,121-61-136-90,9,175-36-192-81,2,198-35-215-83,3,223-35-242-79,9,246-34-263-79,,,,,,,,,,,,
0,HR26DG6167,0168.xml,H,21-17-40-47,R,40-17-57-47,2,59-17-76-46,6,77-16-94-45,D,96-17-113-47,G,114-16-132-45,6,134-16-150-45,1,155-15-167-45,6,170-15-186-45,7,188-14-204-45,,,,,,,,,,,,
0,GJ07BR1336,0169.xml,G,37-38-68-100,J,70-38-95-96,0,94-37-118-95,7,116-40-138-93,B,136-40-158-92,R,155-42-177-90,1,177-44-191-89,3,188-45-206-87,3,202-43-218-87,6,215-46-229-86,,,,,,,,,,,,
0,KL38F5008,0170.xml,K,235-193-349-300,L,398-198-502-297,3,578-194-688-300,8,735-194-841-297,F,902-194-1013-302,5,215-332-380-497,0,429-331-582-496,0,628-332-781-492,8,820-330-977-490,,,,,,,,,,,,,,
0,FLUSSH,0171.xml,F,60-10-103-73,L,108-12-151-74,U,156-12-198-73,S,204-13-245-74,S,250-15-292-75,H,296-13-339-75,,,,,,,,,,,,,,,,,,,,
0,KL01BR8055,0172.xml,K,53-28-90-95,L,93-28-126-95,0,136-31-171-93,1,180-30-210-97,B,217-31-252-96,R,256-32-292-95,8,299-32-333-95,0,339-32-375-97,5,377-31-416-97,5,419-30-455-98,,,,,,,,,,,,
0,KL01CA2555,0173.xml,K,31-17-48-47,L,50-17-66-47,0,68-16-84-45,1,85-15-101-43,C,102-13-117-44,A,119-13-134-42,2,135-12-149-41,5,150-11-166-39,5,165-11-180-39,5,180-10-195-38,,,,,,,,,,,,
0,KL01CC50,0174.xml,K,36-38-55-67,L,58-39-76-64,0,87-34-103-60,1,108-32-121-58,C,134-30-150-54,C,152-27-169-53,5,180-24-195-49,0,198-22-212-47,,,,,,,,,,,,,,,,
0,KA01D0133,0176.xml,K,27-22-35-36,A,35-22-43-35,0,46-22-54-35,1,54-22-62-36,D,73-21-81-35,0,109-20-117-34,1,87-21-94-35,3,94-21-102-35,3,102-20-109-35,,,,,,,,,,,,,,
0,0A01MA6989,0177.xml,0,9-11-18-19,A,17-11-26-19,0,29-12-38-19,1,36-12-43-19,M,45-12-55-20,A,55-12-64-20,6,15-19-25-30,9,25-20-36-31,8,37-20-48-31,9,47-20-59-32,,,,,,,,,,,,
0,GJ7BB7666,0178.xml,G,11-16-21-27,J,19-17-24-29,7,24-19-30-29,B,30-21-37-32,B,37-24-44-34,7,44-26-50-36,6,49-29-55-37,6,55-30-62-39,6,61-32-68-42,,,,,,,,,,,,,,
0,MH2OBN3525,0179.xml,M,26-15-44-41,H,44-16-62-40,2,66-17-80-40,O,80-17-98-41,B,101-17-118-41,N,116-17-132-40,3,134-16-148-41,5,147-17-160-41,2,159-17-173-41,5,172-17-185-41,,,,,,,,,,,,
0,MH01A5R274,0181.xml,M,43-21-59-35,H,58-21-70-35,0,80-21-91-35,1,90-22-98-35,A,105-20-116-35,5,137-20-148-34,R,116-20-130-35,2,149-21-159-33,7,159-19-169-33,4,168-20-179-33,,,,,,,,,,,,
0,MH20EE7598,0183.xml,M,14-9-30-27,H,30-10-45-27,2,49-11-62-27,0,64-10-76-27,E,82-9-95-26,E,96-10-110-26,7,115-8-128-25,5,129-8-143-24,9,144-7-157-23,8,159-5-171-22,,,,,,,,,,,,
0,MH20DJ0419,0184.xml,M,12-16-23-38,H,23-17-35-40,2,37-18-48-39,0,49-19-59-39,D,63-18-74-41,J,76-19-88-41,0,90-19-101-42,4,103-21-114-43,1,117-21-125-42,9,130-21-141-43,,,,,,,,,,,,
0,MH20EE0943,0185.xml,M,13-13-25-30,H,25-14-34-31,2,40-15-48-31,0,47-15-56-31,E,67-16-75-31,E,75-16-84-32,0,97-17-104-33,9,104-17-112-33,4,111-17-120-33,3,118-17-127-33,,,,,,,,,,,,
0,MH20DV2362,0186.xml,M,14-15-32-34,H,31-16-47-35,2,51-17-66-36,0,67-19-81-36,D,86-19-102-36,V,102-18-117-37,2,122-18-136-35,3,138-18-152-35,6,153-18-167-35,2,169-17-183-35,,,,,,,,,,,,
0,MH20CS4946,0187.xml,M,11-14-21-29,H,23-14-31-30,2,34-14-42-30,0,44-14-52-29,C,54-15-62-30,S,62-15-72-29,4,74-14-82-29,9,83-15-92-29,4,94-15-102-30,6,103-15-112-30,,,,,,,,,,,,
0,KL12G7531,0188.xml,K,27-26-51-53,L,51-27-73-52,1,87-26-98-51,2,101-26-120-51,G,130-23-153-51,7,159-24-179-49,5,181-24-199-48,3,201-24-219-48,1,223-23-236-48,,,,,,,,,,,,,,
0,KL7BZ99,0189.xml,K,36-26-68-82,L,68-29-96-86,7,132-35-160-89,B,194-40-223-98,Z,230-42-262-101,9,301-48-333-107,9,334-53-369-109,,,,,,,,,,,,,,,,,,
0,TN45BA1065,0190.xml,T,8-3-17-20,N,18-4-26-19,4,30-4-38-20,5,38-5-46-19,B,49-4-57-20,A,58-4-68-21,1,70-4-76-20,0,77-5-85-21,6,86-5-94-20,5,95-5-103-21,,,,,,,,,,,,
0,KL54H369,0191.xml,K,29-31-54-73,L,55-31-76-74,5,88-31-109-73,4,113-32-133-72,H,148-30-169-73,3,183-31-203-72,6,206-30-227-72,9,230-29-252-71,,,,,,,,,,,,,,,,
0,KL53E964,0192.xml,K,20-21-38-61,L,39-23-59-61,5,71-23-90-61,3,93-26-112-62,E,115-26-135-65,9,143-27-163-65,6,163-28-184-66,4,183-30-205-67,,,,,,,,,,,,,,,,
0,MH02BW2586,0193.xml,M,65-24-104-94,H,97-14-134-82,0,147-2-182-65,2,178-1-217-57,B,52-116-83-167,W,81-107-111-161,2,107-88-145-156,5,139-74-174-143,8,172-67-205-132,6,205-56-237-122,,,,,,,,,,,,
0,KA03NA8385,0195.xml,K,16-20-25-34,A,25-20-33-34,0,33-20-42-34,3,42-21-50-34,N,50-20-59-35,A,60-20-67-34,8,68-21-76-34,3,77-21-85-34,8,86-21-94-34,5,94-20-103-34,,,,,,,,,,,,
0,MH14TCD204,0198.xml,M,9-12-17-22,H,17-12-22-22,1,25-12-30-21,4,30-11-35-22,T,38-11-43-22,C,43-11-48-22,D,48-11-54-21,2,57-11-63-22,0,62-11-68-22,4,68-12-74-22,,,,,,,,,,,,
0,MH14EH5189,0199.xml,M,11-10-21-29,H,21-10-32-28,1,34-10-42-28,4,43-10-52-27,E,54-10-63-26,H,62-9-72-26,5,73-8-81-25,1,93-8-99-25,8,82-9-91-25,9,100-7-108-25,,,,,,,,,,,,
0,MH14EP4660,0201.xml,M,7-18-16-35,H,17-18-26-35,1,31-18-38-36,4,40-18-50-35,E,52-18-61-35,P,62-18-71-35,4,74-18-84-35,6,85-18-94-35,6,96-18-104-35,0,105-19-114-35,,,,,,,,,,,,
0,MH14DT8831,0202.xml,M,20-35-45-76,H,47-34-69-77,1,80-34-97-76,4,102-36-124-76,D,130-35-152-76,T,156-35-178-75,8,185-35-207-74,8,211-35-232-74,3,235-35-256-76,1,264-35-280-76,,,,,,,,,,,,
0,MH14TCF300,0203.xml,M,32-16-54-37,H,52-16-68-37,1,73-16-85-36,4,86-16-101-36,T,24-40-39-61,C,37-39-52-60,F,51-39-64-62,3,68-39-82-60,0,82-40-96-60,0,95-38-109-60,,,,,,,,,,,,
0,MH01AV8866,0204.xml,M,17-17-26-33,H,27-17-36-33,0,37-19-47-32,1,48-19-55-33,A,56-19-65-33,V,66-18-74-32,8,76-19-84-32,8,85-19-94-32,6,95-19-104-32,6,104-18-113-33,,,,,,,,,,,,
0,TN59AQ1515,0205.xml,T,23-21-32-36,N,31-21-41-36,5,41-23-50-37,9,51-24-60-37,A,62-25-73-38,Q,76-25-88-39,1,90-18-98-40,5,99-18-111-40,1,113-20-123-42,5,124-20-138-42,,,,,,,,,,,,
0,MH155TC54,0206.xml,M,6-14-14-24,H,14-14-21-24,1,21-14-26-24,5,25-13-32-24,5,49-14-55-23,T,33-13-40-24,C,40-13-47-24,5,54-14-60-23,4,59-13-66-23,,,,,,,,,,,,,,
0,M1H4TC206AN,0207.xml,M,14-43-46-84,1,78-38-98-78,H,46-40-75-81,4,98-35-123-76,T,124-32-150-72,C,149-29-175-71,2,180-27-200-66,0,199-24-219-63,6,219-20-237-61,A,249-18-274-55,N,273-12-297-53,,,,,,,,,,
0,MH12JC2813,0208.xml,M,27-22-43-49,H,46-24-62-49,1,68-24-79-49,2,82-23-99-50,J,101-23-117-49,C,120-23-136-49,2,138-23-154-48,8,157-22-172-47,1,177-21-188-46,3,191-19-206-44,,,,,,,,,,,,
0,TN07B5U472,0209.xml,T,16-18-30-47,N,30-18-43-46,0,49-19-62-47,7,63-19-76-48,B,79-19-91-47,5,111-19-124-48,U,93-19-107-48,4,126-18-140-48,7,162-19-177-48,2,145-19-160-49,,,,,,,,,,,,
0,MH03BS7778,0210.xml,M,31-45-53-82,H,55-44-77-80,0,82-43-101-79,3,102-42-123-78,B,127-41-148-78,S,151-40-171-76,7,176-39-196-75,7,196-38-216-75,7,217-38-235-73,8,238-37-255-73,,,,,,,,,,,,
0,MH14EU3498,0211.xml,M,20-19-40-49,H,39-20-58-48,1,58-19-77-49,4,77-19-95-47,E,94-17-113-47,U,114-17-132-46,3,133-16-150-47,4,151-16-170-45,9,171-16-188-46,8,190-15-208-45,,,,,,,,,,,,
0,M2H00E7597,0212.xml,M,24-30-39-53,2,59-30-73-54,H,41-30-55-53,0,73-31-87-53,0,91-30-105-54,E,107-30-121-54,7,126-31-140-54,5,140-31-153-54,9,155-32-167-53,7,169-31-183-55,,,,,,,,,,,,
0,DL1N4286,0213.xml,D,35-64-66-96,L,63-56-91-90,1,99-39-122-74,N,119-31-150-68,4,155-19-175-52,2,172-13-194-45,8,213-1-238-27,6,196-2-218-34,,,,,,,,,,,,,,,,
0,MH14EH7985,0214.xml,M,22-23-37-47,H,37-22-51-47,1,58-23-67-47,4,71-23-83-47,E,87-22-101-46,H,102-22-117-47,7,120-23-133-47,9,135-23-148-46,8,166-24-178-47,5,150-23-163-47,,,,,,,,,,,,
0,MH14TCF460,0215.xml,M,14-29-35-50,H,35-27-55-49,1,61-25-75-48,4,75-25-92-45,T,95-24-112-44,C,111-23-129-44,F,128-22-141-43,4,148-21-162-42,6,161-20-175-41,0,174-19-188-40,,,,,,,,,,,,
0,MH20EE045,0216.xml,M,17-23-28-38,H,27-23-37-38,2,46-23-54-37,0,53-24-61-37,E,64-23-74-37,E,73-23-84-37,0,90-23-98-37,4,109-22-117-37,5,116-23-125-38,,,,,,,,,,,,,,
0,TN38BW1139,0217.xml,T,41-39-57-64,N,60-39-79-63,3,88-38-103-65,8,102-40-119-65,B,128-40-146-65,W,146-41-170-66,1,182-42-189-67,1,191-40-201-67,3,203-42-216-67,9,217-40-233-69,,,,,,,,,,,,
0,TN74A5L074,0218.xml,T,7-26-26-61,N,28-24-46-60,7,51-23-68-59,4,69-23-87-56,A,92-21-106-55,5,131-19-146-52,L,108-21-124-54,0,148-19-162-50,7,163-17-177-50,4,177-17-190-48,,,,,,,,,,,,
0,KL01AX8000,0219.xml,K,21-17-36-41,L,36-16-51-41,0,51-15-65-40,1,66-15-79-40,A,81-15-92-37,X,92-14-108-38,8,106-14-120-37,0,121-14-133-37,0,133-14-146-36,0,146-12-160-36,,,,,,,,,,,,
0,KL60N5344,0220.xml,K,3-19-14-36,L,14-20-27-37,6,34-21-46-37,0,46-20-57-38,N,59-21-72-39,5,78-21-90-38,3,90-21-102-38,4,103-20-115-39,4,115-20-127-39,,,,,,,,,,,,,,
0,PB08CX2959,0221.xml,P,42-30-55-49,B,55-31-68-49,0,67-32-79-49,8,79-31-92-50,C,97-31-115-50,X,113-30-130-49,2,133-29-147-48,9,146-28-158-47,5,158-27-170-47,9,170-27-182-45,,,,,,,,,,,,
0,AA29Z999,0222.xml,A,25-12-43-37,A,44-12-60-39,2,68-14-86-39,9,87-14-102-38,Z,113-12-129-38,9,140-11-154-36,9,158-11-173-35,9,174-10-188-35,,,,,,,,,,,,,,,,
0,KA19TR0220102011,0223.xml,K,11-25-25-51,A,25-25-38-52,1,39-25-48-51,9,48-25-59-51,T,61-25-73-50,R,73-25-85-51,0,88-25-99-51,2,98-26-108-51,2,111-26-122-51,0,121-27-131-52,1,131-26-140-51,0,139-26-151-52,2,158-25-170-51,0,169-25-179-53,1,178-26-187-52,1,186-26-195-52
0,MH20BY3665,0224.xml,M,28-24-38-43,H,39-25-50-42,2,54-24-65-43,0,66-24-76-43,B,78-24-89-43,Y,90-23-100-43,3,102-24-113-43,6,114-23-124-43,6,128-24-138-43,5,140-24-150-43,,,,,,,,,,,,
0,UP16TC1366,0226.xml,U,20-21-36-42,P,35-21-48-42,1,50-21-61-43,6,60-21-73-42,T,75-21-91-42,C,91-21-105-42,1,104-21-114-42,3,113-21-128-43,6,128-21-142-43,6,140-21-156-43,,,,,,,,,,,,
0,HR26DA0471,0227.xml,H,7-16-17-32,R,17-16-27-33,2,29-16-38-33,6,38-17-47-33,D,49-17-59-33,A,58-16-69-33,0,72-17-80-34,4,80-18-88-33,7,88-17-97-34,1,97-18-104-35,,,,,,,,,,,,
0,HR26CR3302,0228.xml,H,17-22-27-37,R,26-23-34-36,2,37-23-45-38,6,45-24-54-37,C,55-25-63-37,R,62-24-71-38,3,73-25-81-38,3,80-25-88-39,0,87-26-95-39,2,94-26-102-39,,,,,,,,,,,,
0,HR26BP3543,0229.xml,H,11-24-26-45,R,25-24-39-46,2,39-24-52-44,6,51-23-65-45,B,70-22-83-45,P,82-22-95-43,3,96-22-110-43,5,109-21-122-43,4,122-21-136-43,3,136-21-149-42,,,,,,,,,,,,
0,HR26CT6702,0230.xml,H,16-26-32-50,R,31-27-47-49,2,51-27-65-48,6,64-28-77-49,C,81-27-95-49,T,94-27-108-48,6,114-28-125-49,7,125-28-137-48,0,137-28-149-48,2,148-28-162-49,,,,,,,,,,,,
0,WOBNP300,0231.xml,W,22-16-31-38,O,31-17-41-38,B,41-16-52-38,N,65-17-75-39,P,76-17-87-40,3,90-18-102-40,0,102-19-112-41,0,113-19-124-41,,,,,,,,,,,,,,,,
0,MH2OBN3525,0232.xml,M,25-25-40-45,H,42-25-56-45,2,59-25-71-45,O,71-25-88-45,B,90-26-104-46,N,104-25-117-46,3,119-26-130-45,5,130-26-141-45,2,141-26-152-45,5,151-26-163-45,,,,,,,,,,,,
0,MH01AR5274,0233.xml,M,21-19-31-29,H,30-19-39-28,0,43-20-51-28,1,50-19-57-28,A,59-20-68-28,R,67-19-75-28,5,79-19-88-28,2,87-19-94-28,7,93-19-100-27,4,98-19-106-28,,,,,,,,,,,,
0,MH20CS1941,0234.xml,M,18-18-31-35,H,32-18-42-35,2,43-19-54-34,0,54-18-64-34,C,66-18-75-34,S,76-18-86-34,1,88-17-96-33,9,98-16-107-33,4,109-15-118-32,1,120-14-127-32,,,,,,,,,,,,
0,H20CS1938,0235.xml,H,21-15-27-26,2,27-16-32-26,0,32-17-37-27,C,37-16-43-28,S,43-17-48-28,1,49-17-54-29,9,53-18-60-28,3,60-19-65-28,8,65-19-71-29,,,,,,,,,,,,,,
0,MH14DT8831,0236.xml,M,27-30-54-74,H,57-30-83-74,1,93-27-113-74,4,119-28-142-73,D,148-28-173-73,T,177-27-200-72,8,208-27-231-69,8,235-26-260-71,3,262-26-285-70,1,295-26-310-69,,,,,,,,,,,,
