frame_number,track_id,car_bbox,license_plate_bbox,license_plate_bbox_score,license_plate_number,license_text_score
0,106.0,[695.9896850585938 594.732421875 1119.3829345703125 1025.6331787109375],[122.5692367553711 190.58416748046875 265.4967956542969 239.34393310546875],0.6827396154403687,KE64GYD,0.35771637515536947
1,106.0,[687.34521484375 589.7232055664062 1105.0595703125 1019.3514404296875],[130.0875244140625 195.93833923339844 272.6592102050781 242.36102294921875],0.7688677906990051,KE64GYI,0.26201794646550985
2,106.0,[683.3295288085938 587.2522583007812 1101.0794677734375 1016.9678955078125],[135.87770080566406 197.5485076904297 277.46551513671875 243.14564514160156],0.760240375995636,KE64GYM,0.44152190014313375
3,106.0,[680.2205810546875 585.1740112304688 1099.5267333984375 1017.3251953125],[140.26438903808594 199.22853088378906 279.6613464355469 244.64503479003906],0.7569454908370972,KE64GYM,0.44212428543161825
4,106.0,[679.1309204101562 584.743408203125 1098.9664306640625 1017.8272705078125],[140.6848907470703 200.08656311035156 281.0004577636719 245.89212036132812],0.754050076007843,KE64GYM,0.46007960059132197
5,106.0,[680.3372192382812 583.3607788085938 1101.201416015625 1017.7088012695312],[138.3977508544922 199.66893005371094 281.9137268066406 247.5410614013672],0.7550725340843201,KE64GYM,0.2744211781727351
6,106.0,[680.9660034179688 581.817138671875 1102.30078125 1018.087646484375],[137.9755401611328 201.30194091796875 282.1722412109375 248.9276123046875],0.7434067726135254,KE64CYH,0.3685943696722279
7,106.0,[681.1050415039062 580.371826171875 1103.5384521484375 1017.9942626953125],[135.89346313476562 201.8138427734375 281.83880615234375 252.2075958251953],0.7376448512077332,KE64GYR,0.47927194104944093
8,106.0,[680.66796875 580.0642700195312 1103.970703125 1018.3095703125],[136.29348754882812 201.90135192871094 283.1808166503906 250.2532196044922],0.7456977963447571,KE64GYL,0.39354350501892055
9,106.0,[679.8441162109375 580.24853515625 1104.2117919921875 1018.5359497070312],[137.28213500976562 201.90252685546875 284.3387145996094 250.5358428955078],0.7453486919403076,KE64GYM,0.3936920085918359
10,106.0,[679.53564453125 580.346923828125 1104.351318359375 1018.6776733398438],[137.3021697998047 201.8752899169922 284.3497619628906 250.5215606689453],0.7453905940055847,KE64GYM,0.3936920085918359
11,106.0,[681.4017333984375 578.7706298828125 1105.4620361328125 1018.7933349609375],[135.0328826904297 203.59042358398438 281.5769958496094 255.12062072753906],0.744614839553833,KE64GYA,0.39377014210417577
12,106.0,[680.1718139648438 578.003662109375 1105.051025390625 1019.76611328125],[135.4049072265625 204.02671813964844 282.4245910644531 255.8321533203125],0.742121696472168,KE64GYR,0.32583850864553277
13,106.0,[676.5626831054688 577.6029052734375 1104.8133544921875 1019.2466430664062],[138.58460998535156 203.25599670410156 287.191650390625 257.1614074707031],0.7447831034660339,KE64GYM,0.4512057162108189
14,106.0,[675.0145263671875 577.4789428710938 1105.1207275390625 1020.2102661132812],[139.8316650390625 203.38075256347656 288.2346496582031 257.0082702636719],0.7340413331985474,KE64GYA,0.5092981856331715
15,106.0,[674.4334106445312 577.5934448242188 1105.1929931640625 1021.440185546875],[141.35443115234375 204.79827880859375 288.98040771484375 256.6370849609375],0.7400370836257935,KE64GYN,0.39307287498968896
16,106.0,[673.7686767578125 577.6038208007812 1105.98974609375 1020.875],[141.52525329589844 203.31072998046875 291.7283935546875 257.8930358886719],0.7467072606086731,KE64GYW,0.5047060041233334
17,106.0,[672.9566040039062 576.140869140625 1107.5845947265625 1019.4686279296875],[143.01559448242188 206.2062225341797 291.79669189453125 256.5857849121094],0.7520121932029724,KE64GYQ,0.7892609748780327
18,106.0,[672.3453369140625 575.4697875976562 1108.5577392578125 1019.127197265625],[142.88633728027344 207.79989624023438 291.6100158691406 257.6806335449219],0.760033130645752,KE64GYQ,0.5972294790280537
19,106.0,[672.0841064453125 574.8793334960938 1109.063720703125 1019.4993286132812],[142.02684020996094 208.78858947753906 292.9312744140625 259.26727294921875],0.7601960301399231,KE64GYH,0.4841559274410365
20,106.0,[672.1849365234375 574.7754516601562 1109.0362548828125 1019.2376708984375],[141.96792602539062 208.74478149414062 292.98944091796875 259.38299560546875],0.7598180174827576,KE64GYH,0.726007988696401
21,106.0,[672.2076416015625 575.9140625 1109.0543212890625 1019.4841918945312],[142.78884887695312 208.23855590820312 292.8031005859375 259.5823059082031],0.7648434042930603,KE64GYQ,0.40394506535801933
22,106.0,[671.9501953125 576.2594604492188 1108.72412109375 1020.121337890625],[143.7189178466797 208.2989044189453 294.0034484863281 257.5002136230469],0.7707327008247375,KE64GYM,0.9617195988000277
23,106.0,[671.8970947265625 576.3547973632812 1108.6199951171875 1020.38818359375],[143.73446655273438 208.3974609375 294.0252380371094 257.49627685546875],0.7693179249763489,KE64GYM,0.7158938282683558
24,106.0,[670.6785278320312 576.20458984375 1109.47607421875 1021.2361450195312],[144.34884643554688 208.57223510742188 295.3568115234375 258.4107360839844],0.761083722114563,KE64GYW,0.30358132367926643
25,106.0,[670.1775512695312 576.160400390625 1109.63330078125 1021.4207153320312],[144.43894958496094 208.70582580566406 295.5609436035156 258.19482421875],0.7607269883155823,KE64GYW,0.24194464662733364
26,106.0,[669.9929809570312 575.9951782226562 1110.332275390625 1021.8109130859375],[145.5771942138672 209.70770263671875 296.92828369140625 260.6329345703125],0.7607002854347229,KE64GYW,0.6601365902810062
27,106.0,[669.9437866210938 575.9444580078125 1110.6905517578125 1021.00048828125],[145.31785583496094 209.42376708984375 297.08978271484375 260.5881042480469],0.7587875723838806,KE64GYH,0.5567174460050893
28,106.0,[669.9781494140625 575.6864013671875 1110.946533203125 1021.2890014648438],[144.9782257080078 209.74607849121094 297.3035583496094 260.61224365234375],0.7558447122573853,KE64GYM,0.6430145048619929
29,106.0,[670.1754760742188 575.4193115234375 1111.7274169921875 1021.3550415039062],[143.44593811035156 210.4952850341797 295.8435363769531 259.5577697753906],0.7605061531066895,KE64GYM,0.24477352319726137
30,106.0,[670.2684326171875 575.40771484375 1111.8856201171875 1021.2609252929688],[143.5218963623047 210.5432891845703 295.9107360839844 259.4515380859375],0.7603389024734497,KE64GYM,0.24477352319726137
31,106.0,[670.3123168945312 575.2615356445312 1112.09375 1022.01123046875],[143.2403564453125 210.0832977294922 295.7742919921875 260.4747314453125],0.7610257267951965,KE64GYW,0.3738641289069523
32,106.0,[670.4227905273438 575.2003173828125 1112.2464599609375 1022.3175048828125],[143.14556884765625 210.5687255859375 295.5927734375 260.2341003417969],0.7619131207466125,KE64GYW,0.49563420824575866
33,106.0,[670.4783325195312 575.347412109375 1112.47412109375 1022.639892578125],[142.92117309570312 210.70916748046875 295.69195556640625 260.4554138183594],0.7607719302177429,KE64GYH,0.4073110742705457
34,106.0,[670.6026000976562 575.3545532226562 1112.6915283203125 1022.8884887695312],[142.86207580566406 210.7592315673828 295.75677490234375 260.45379638671875],0.7601639032363892,KE64GYA,0.2653687726293865
35,106.0,[670.802001953125 575.1425170898438 1113.1495361328125 1022.7587890625],[144.79701232910156 211.82228088378906 295.3979187011719 261.9756774902344],0.7608574628829956,KE64GYH,0.8095397662747793
36,106.0,[670.9307861328125 575.0449829101562 1112.9884033203125 1022.5651245117188],[145.00442504882812 211.87228393554688 295.4909362792969 261.84130859375],0.7604307532310486,KE64GYH,0.6229756021666255
37,106.0,[671.0650024414062 574.9833374023438 1113.06298828125 1022.6494750976562],[143.3642578125 212.38563537597656 294.8922119140625 262.9029846191406],0.7662695646286011,KE64GYH,0.7712670008121696
38,106.0,[671.1167602539062 574.8877563476562 1113.090087890625 1022.9371948242188],[143.37173461914062 212.42794799804688 294.8860168457031 262.8861083984375],0.7666203379631042,KE64GYH,0.7733398962438027
39,106.0,[670.919189453125 574.8924560546875 1113.5064697265625 1022.1238403320312],[145.13241577148438 212.8807830810547 295.9156799316406 262.4442443847656],0.7658753395080566,KE64GYH,0.7867766833314954
40,106.0,[670.6524658203125 574.8215942382812 1113.510498046875 1021.5562133789062],[145.04917907714844 212.52093505859375 295.2315979003906 261.7798767089844],0.7668551802635193,KE64GYM,0.48634169262599203
41,106.0,[670.4589233398438 575.1405029296875 1113.3291015625 1022.0371704101562],[143.44015502929688 210.55389404296875 295.6407470703125 259.9687805175781],0.7629419565200806,KE64GYM,0.4647165552784778
42,106.0,[670.4928588867188 575.1988525390625 1113.482177734375 1021.9967651367188],[145.44610595703125 212.38027954101562 294.9989013671875 260.41583251953125],0.7659276127815247,KE64GYM,0.5633477090925502
43,106.0,[670.4196166992188 575.2739868164062 1112.8934326171875 1023.0865478515625],[144.0854034423828 211.461181640625 295.510009765625 259.9613037109375],0.7624850273132324,KE64GYH,0.863070723816396
44,106.0,[670.5830688476562 576.037841796875 1112.6114501953125 1023.221435546875],[144.0300750732422 210.5894775390625 295.47906494140625 259.7774963378906],0.7639739513397217,KE64GYH,0.33291081897512775
45,106.0,[670.44384765625 577.0628051757812 1112.5916748046875 1022.8258056640625],[145.32896423339844 211.84400939941406 294.5072326660156 259.7939147949219],0.7603343725204468,KE64GYM,0.7070906993938582
46,106.0,[670.3908081054688 577.2503662109375 1112.58837890625 1022.4832153320312],[145.34963989257812 211.84373474121094 294.4977722167969 259.7276916503906],0.7604106068611145,KE64GYM,0.7070906993938582
47,106.0,[669.985595703125 577.9100952148438 1113.2855224609375 1024.3560791015625],[144.2982940673828 212.27188110351562 296.578369140625 260.24163818359375],0.7673386931419373,KE64GYI,0.36080787492470645
48,106.0,[669.7393188476562 578.2594604492188 1113.6109619140625 1024.758056640625],[144.2420196533203 211.8738250732422 296.8857421875 259.6483154296875],0.7718451023101807,KE64GYM,0.8445268257158289
49,106.0,[669.7385864257812 578.5658569335938 1113.7001953125 1025.011474609375],[145.91140747070312 212.69737243652344 295.81414794921875 261.5240478515625],0.7687245011329651,KE64GYH,0.5733774579068506
50,106.0,[669.8195190429688 578.5961303710938 1113.6552734375 1025.0579833984375],[145.70205688476562 212.50408935546875 295.82537841796875 261.5330505371094],0.7669920921325684,KE64GYM,0.7708911363062705
51,106.0,[669.8330688476562 578.5791015625 1113.58740234375 1025.02294921875],[145.673095703125 212.6453857421875 295.82757568359375 261.5525817871094],0.7677257061004639,KE64GYM,0.6153027775586893
52,106.0,[669.714599609375 577.9411010742188 1113.4976806640625 1024.9884033203125],[144.27078247070312 212.27145385742188 296.8396911621094 260.2043762207031],0.774052619934082,KE64GYI,0.6689616086179311
52,123.0,[1224.336181640625 608.52685546875 1451.9927978515625 887.1749267578125],[112.08177185058594 134.4578857421875 181.12962341308594 163.02732849121094],0.685965359210968,AL41BHI,0.013975356143223023
53,106.0,[669.5673217773438 577.7976684570312 1113.4124755859375 1025.2398681640625],[145.89968872070312 212.7215118408203 295.74920654296875 261.726806640625],0.7672889828681946,KE64GYH,0.5168321600968785
54,106.0,[669.4887084960938 577.7544555664062 1113.3009033203125 1025.1683349609375],[146.08163452148438 212.8182830810547 295.7799987792969 261.4295654296875],0.7665765285491943,KE64GYI,0.3659701587647635
55,106.0,[669.6618041992188 577.7596435546875 1113.3585205078125 1025.107666015625],[145.9254913330078 212.66043090820312 295.7767333984375 262.14556884765625],0.7675797939300537,KE64GYH,0.2750598789053375
56,106.0,[669.6240234375 577.972412109375 1113.333251953125 1025.0723876953125],[146.02345275878906 212.6803741455078 295.64202880859375 262.4518127441406],0.7699112892150879,KE64GYM,0.5510457436607424
59,106.0,[669.5453491210938 577.9298095703125 1113.3746337890625 1024.68896484375],[144.330078125 212.19940185546875 297.0393981933594 260.3959655761719],0.7770453095436096,KE64GYH,0.7416117494439673
60,106.0,[669.6586303710938 577.831787109375 1113.1949462890625 1024.288818359375],[144.25840759277344 212.22557067871094 296.8931884765625 260.24578857421875],0.7727205753326416,KE64GYW,0.5144260191975627
61,106.0,[670.0213623046875 577.3463745117188 1113.4962158203125 1024.62158203125],[144.41883850097656 213.24688720703125 294.8766174316406 261.55438232421875],0.7757455706596375,KE64GYH,0.7752279550509069
62,106.0,[670.1785278320312 577.2059326171875 1113.664306640625 1024.9915771484375],[144.36265563964844 213.19979858398438 295.0209655761719 261.4638671875],0.7739728689193726,KE64GYH,0.7040453203866716
63,106.0,[670.2030639648438 577.1549682617188 1113.7322998046875 1025.1319580078125],[144.75230407714844 213.90396118164062 294.98175048828125 261.322021484375],0.772409200668335,KE64GYH,0.7017809306121991
64,106.0,[670.1876220703125 577.2167358398438 1113.7127685546875 1024.977294921875],[144.19366455078125 213.34495544433594 294.9373779296875 261.3676452636719],0.7737793326377869,KE64GYH,0.3988491388649303
65,106.0,[670.1433715820312 577.2296752929688 1113.8541259765625 1024.9984130859375],[144.09335327148438 213.4374542236328 295.0442810058594 261.56304931640625],0.7740345001220703,KE64GYA,0.35212847493188
66,106.0,[670.111328125 577.184326171875 1113.9705810546875 1024.9876708984375],[144.09814453125 213.4509735107422 295.0550231933594 261.5580749511719],0.7742348909378052,KE64GYH,0.4209565418894358
67,106.0,[670.0753173828125 577.1670532226562 1114.0218505859375 1024.7943115234375],[144.55081176757812 213.2666778564453 295.2607116699219 261.6020202636719],0.7792524099349976,KE64GYH,0.20776238374003336
68,106.0,[670.0838623046875 577.3174438476562 1113.9453125 1024.588623046875],[144.1967010498047 213.32760620117188 295.08673095703125 261.54791259765625],0.7747270464897156,KE64GYQ,0.37914327829361466
69,106.0,[670.0089721679688 577.4647216796875 1113.9599609375 1024.732177734375],[144.22421264648438 213.3115234375 295.0260925292969 261.45733642578125],0.7752072215080261,KE64GYQ,0.5063525917955014
70,106.0,[670.0743408203125 577.4581909179688 1114.035400390625 1024.85791015625],[144.4119873046875 213.28846740722656 294.9954528808594 261.696533203125],0.7833147644996643,KE64GYQ,0.5031155058894606
71,106.0,[670.0645751953125 577.4735107421875 1113.9163818359375 1024.751220703125],[144.0818328857422 213.33859252929688 294.77276611328125 261.5344543457031],0.7776533961296082,KE64GYQ,0.5282584971489649
73,106.0,[670.1914672851562 577.6242065429688 1113.9334716796875 1025.2572021484375],[144.19300842285156 214.031494140625 294.8832702636719 261.70001220703125],0.7757188677787781,KE64GYH,0.9387693279382431
74,106.0,[670.2485961914062 577.6830444335938 1113.9923095703125 1025.3565673828125],[144.21319580078125 214.08399963378906 294.87921142578125 261.6790466308594],0.7754828929901123,KE64GYH,0.8946155452749907
78,106.0,[670.3195190429688 577.6356811523438 1114.32177734375 1025.526611328125],[143.96395874023438 213.9092559814453 294.9021301269531 262.42431640625],0.7801992297172546,KE64GYM,0.450832069462252
80,106.0,[670.2669677734375 577.591064453125 1113.8175048828125 1024.9891357421875],[143.97872924804688 213.05690002441406 294.6766052246094 261.6797790527344],0.7771860361099243,KE64GYN,0.6316329803503317
81,106.0,[670.26513671875 577.6954345703125 1113.673828125 1024.842041015625],[143.98233032226562 213.05673217773438 294.6650085449219 261.6706848144531],0.7770079970359802,KE64GYN,0.6316329803503317
82,106.0,[670.1908569335938 577.6686401367188 1113.704345703125 1025.053466796875],[144.54847717285156 213.2917938232422 294.98162841796875 261.5242919921875],0.7732616066932678,KE64GYN,0.715933371360818
83,106.0,[670.0325317382812 577.6893920898438 1113.35009765625 1024.97119140625],[143.66468811035156 213.0249786376953 294.7786865234375 261.6286315917969],0.77524334192276,KE64GYM,0.6033076815400507
84,106.0,[669.943359375 577.5724487304688 1112.9830322265625 1025.012939453125],[145.69297790527344 211.73348999023438 295.9058532714844 261.4878845214844],0.7587552070617676,KE64GYM,0.307366091313084
85,106.0,[670.5634765625 577.0286865234375 1112.90087890625 1024.6019287109375],[143.2826690673828 210.5922088623047 295.7855529785156 259.82421875],0.7614430785179138,KE64GYN,0.44480980493152594
86,106.0,[670.8912963867188 577.0794067382812 1112.814208984375 1024.7640380859375],[144.1993408203125 211.57058715820312 294.71893310546875 261.2459716796875],0.7645553946495056,KE64GYN,0.4660995758187415
87,106.0,[670.9116821289062 577.17724609375 1112.805908203125 1024.649658203125],[144.23609924316406 211.5534210205078 294.6818542480469 261.21136474609375],0.7637938857078552,KE64GYN,0.48416586235573245
88,106.0,[670.8497314453125 576.8972778320312 1112.7362060546875 1024.58544921875],[144.26109313964844 213.05958557128906 294.3263244628906 261.4990539550781],0.7688245177268982,KE64GYN,0.7676975218167035
89,106.0,[670.9315795898438 576.5332641601562 1112.9124755859375 1024.48095703125],[144.041015625 212.5950927734375 294.4318542480469 261.4347839355469],0.7667849063873291,KE64GYH,0.2285562409370506
91,106.0,[670.9526977539062 576.4450073242188 1113.0830078125 1024.56298828125],[144.0765380859375 213.3052520751953 294.74493408203125 260.80426025390625],0.7715813517570496,KE64GYH,0.8645050632399685
92,106.0,[670.905029296875 576.4176635742188 1113.15576171875 1024.642333984375],[144.1389923095703 213.2676544189453 294.7699890136719 260.83966064453125],0.7708476781845093,KE64GYH,0.8726325798699688
93,106.0,[670.895751953125 576.4240112304688 1113.2567138671875 1024.569091796875],[144.1634979248047 213.27659606933594 294.75177001953125 260.7496643066406],0.7712702751159668,KE64GYH,0.8640100539895068
94,106.0,[670.90869140625 576.3978271484375 1113.3485107421875 1024.57470703125],[143.94320678710938 213.19383239746094 294.8757019042969 260.739990234375],0.7699358463287354,KE64GYH,0.7345745490724217
95,106.0,[670.9952392578125 576.283203125 1113.3310546875 1024.6453857421875],[143.6732940673828 212.80003356933594 295.0106506347656 261.0236511230469],0.7675033211708069,KE64GYA,0.42104852924373687
96,106.0,[670.9491577148438 576.299072265625 1113.2991943359375 1024.7379150390625],[143.7612762451172 212.79576110839844 294.81890869140625 260.91961669921875],0.7671216130256653,KE64GYQ,0.6241287809441984
97,106.0,[670.9542236328125 576.3136596679688 1113.3084716796875 1024.755859375],[143.82806396484375 212.82559204101562 294.859130859375 260.88128662109375],0.7677872180938721,KE64GYQ,0.6241287809441984
98,106.0,[670.9006958007812 576.5104370117188 1113.2791748046875 1024.7889404296875],[143.62356567382812 212.85536193847656 294.984375 261.0714416503906],0.7665737867355347,KE64GYH,0.3130783420139074
99,106.0,[670.8233032226562 576.6563720703125 1113.25927734375 1024.9627685546875],[143.72938537597656 212.99514770507812 294.94842529296875 260.85797119140625],0.7674915790557861,KE64GYH,0.21751582401700667
100,106.0,[670.79248046875 576.7254638671875 1113.2298583984375 1025.015380859375],[143.51231384277344 212.58718872070312 294.6962585449219 260.5801086425781],0.7438173294067383,KE64GYH,0.21751582401700667
104,106.0,[670.8736572265625 576.5675048828125 1113.1920166015625 1026.380126953125],[144.37753295898438 213.2272491455078 294.34619140625 260.98822021484375],0.7451556921005249,KE64GYH,0.45906725965335105
105,106.0,[671.0021362304688 576.5535278320312 1113.2445068359375 1026.716552734375],[142.40155029296875 213.00157165527344 293.1412048339844 261.0604248046875],0.748291015625,KE64GYA,0.434115964933755
106,106.0,[671.1255493164062 576.4160766601562 1113.2332763671875 1031.5123291015625],[143.4376220703125 211.81387329101562 293.8367614746094 262.6489562988281],0.7004798650741577,KE64GYM,0.46458735526845657
107,106.0,[671.3720703125 576.4342041015625 1113.0582275390625 1037.06298828125],[142.78744506835938 212.4954376220703 293.5796813964844 258.5811767578125],0.7443899512290955,KE64GYN,0.5711099160703279
108,106.0,[671.4605102539062 576.42138671875 1113.08935546875 1039.128173828125],[142.89483642578125 212.2797393798828 294.0081787109375 259.4158020019531],0.7705183625221252,KE64GYN,0.5652095457304943
109,106.0,[671.424072265625 576.3838500976562 1113.0523681640625 1039.9774169921875],[142.80218505859375 212.21348571777344 294.005615234375 259.43853759765625],0.7699675559997559,KE64GYW,0.5236753376820891
110,106.0,[671.4710083007812 576.3827514648438 1112.9788818359375 1040.29833984375],[142.39915466308594 212.32235717773438 293.8409423828125 259.3625793457031],0.7466992139816284,KE64GYW,0.5312535176290851
111,106.0,[671.5360107421875 576.4389038085938 1112.9205322265625 1040.36279296875],[142.22640991210938 212.26351928710938 293.9547424316406 259.2650451660156],0.7491999864578247,KE64GYW,0.5644970504038596
112,106.0,[671.5506591796875 576.491943359375 1112.9136962890625 1040.2159423828125],[142.2431640625 212.19229125976562 293.9571533203125 259.3335266113281],0.7486584186553955,KE64GYW,0.5808775568815527
113,106.0,[671.5615844726562 576.4921264648438 1112.913330078125 1040.3072509765625],[142.2583770751953 212.14324951171875 293.98675537109375 259.42376708984375],0.7439179420471191,KE64GYW,0.5704484919294314
114,106.0,[671.5352172851562 576.603515625 1112.87939453125 1040.5572509765625],[142.2807159423828 211.97462463378906 294.6095886230469 259.0024108886719],0.7420865297317505,KE64GYH,0.5856182681143439
115,106.0,[671.519775390625 576.6560668945312 1112.8955078125 1040.607421875],[142.32029724121094 211.9943084716797 294.54534912109375 259.007080078125],0.7427380084991455,KE64GYH,0.5856182681143439
116,106.0,[671.4352416992188 576.6640625 1112.9407958984375 1040.2081298828125],[142.2339630126953 212.07962036132812 294.55029296875 259.0157165527344],0.7395768165588379,KE64GYW,0.5184819356226567
117,106.0,[671.4028930664062 576.648681640625 1112.936279296875 1040.2899169921875],[142.20440673828125 212.06788635253906 294.56207275390625 259.02593994140625],0.7391706705093384,KE64GYW,0.5184819356226567
118,106.0,[671.4117431640625 576.66796875 1112.9835205078125 1040.2984619140625],[142.2113037109375 212.03782653808594 294.58502197265625 259.0481262207031],0.7388933300971985,KE64GYW,0.4686951036229879
119,106.0,[671.4802856445312 576.7687377929688 1112.9810791015625 1039.777587890625],[141.9170379638672 212.2852325439453 293.7845153808594 259.23785400390625],0.7592089176177979,KE64GYH,0.4297291178082558
120,106.0,[671.4949951171875 576.8162841796875 1112.9710693359375 1039.6234130859375],[141.9048614501953 212.28297424316406 293.79473876953125 259.2237548828125],0.7577742338180542,KE64GYH,0.4481854354399888
121,106.0,[671.5084228515625 576.7933959960938 1112.938720703125 1038.8817138671875],[142.1815643310547 211.9552459716797 293.65277099609375 258.6032409667969],0.7588775753974915,KE64GYH,0.8740088131893679
122,106.0,[671.515380859375 576.7890014648438 1112.9580078125 1038.6986083984375],[142.0462188720703 211.94784545898438 293.5801086425781 258.6520690917969],0.7570527791976929,KE64GYH,0.849482132219741
123,105.0,[406.1479797363281 624.9723510742188 703.809814453125 896.1023559570312],[41.0850944519043 126.95783996582031 122.63655853271484 154.17446899414062],0.7174567580223083,LL60OBE,0.06775518429004844
123,106.0,[671.5159912109375 576.8410034179688 1112.9459228515625 1038.72216796875],[142.05621337890625 211.9636993408203 293.5805969238281 258.635498046875],0.75534987449646,KE64GYH,0.8528990156891473
124,106.0,[671.4515380859375 576.7775268554688 1112.996826171875 1039.0908203125],[141.50814819335938 212.07264709472656 293.7147521972656 259.43505859375],0.7546748518943787,KE64GYW,0.33604250540230995
125,106.0,[671.4391479492188 576.7056274414062 1113.0626220703125 1039.2088623046875],[142.21885681152344 212.2647247314453 293.97210693359375 259.3543395996094],0.7606638073921204,KE64GYW,0.6106698738182902
126,106.0,[671.3833618164062 576.66357421875 1113.0770263671875 1039.2000732421875],[142.18304443359375 212.27684020996094 293.993896484375 259.3823547363281],0.7607108354568481,KE64GYW,0.5934989527374477
127,106.0,[671.3638305664062 576.66552734375 1113.1488037109375 1039.1622314453125],[142.2386932373047 212.21096801757812 293.99102783203125 259.4283447265625],0.7629576325416565,KE64GYW,0.5939253113980156
128,106.0,[671.3461303710938 576.6250610351562 1113.2255859375 1038.9302978515625],[142.05987548828125 212.1519317626953 293.26690673828125 258.5942687988281],0.7578257322311401,KE64GYW,0.5932002170620869
129,106.0,[671.351806640625 576.583740234375 1113.215576171875 1038.70751953125],[142.0741424560547 212.093994140625 293.2962341308594 258.6270751953125],0.7587196826934814,KE64GYW,0.6033125927643227
130,106.0,[671.3286743164062 576.5703735351562 1113.2457275390625 1038.8831787109375],[142.0931396484375 212.03094482421875 293.3155517578125 258.5973815917969],0.7589501738548279,KE64GYW,0.6021529119971489
131,106.0,[671.2622680664062 576.5660400390625 1113.2100830078125 1038.613525390625],[142.2472686767578 212.117431640625 293.1997375488281 258.5313720703125],0.7586257457733154,KE64GYW,0.6398386801943039
132,106.0,[670.8123779296875 576.4998779296875 1113.328857421875 1038.6806640625],[142.7887420654297 212.170166015625 294.2117919921875 258.6109924316406],0.753475546836853,KE64GYH,0.35457810097772224
133,106.0,[670.3916625976562 576.5736083984375 1113.2894287109375 1038.580078125],[142.79489135742188 212.14305114746094 294.1842956542969 258.6057434082031],0.7533277869224548,KE64GYH,0.35457810097772224
134,106.0,[670.0292358398438 576.441162109375 1113.3778076171875 1037.87744140625],[143.18153381347656 212.1504669189453 294.260009765625 258.8431091308594],0.7403740286827087,KE64GYW,0.5846026155720254
135,106.0,[670.150634765625 576.3026123046875 1113.4453125 1037.513671875],[143.11952209472656 212.251953125 294.2493896484375 258.7083435058594],0.7411320805549622,KE64GYW,0.5745630603201454
136,106.0,[670.438232421875 576.3123779296875 1113.37451171875 1037.7320556640625],[143.09413146972656 212.23297119140625 294.28131103515625 258.7485046386719],0.7395641207695007,KE64GYW,0.5745630603201454
137,106.0,[670.5204467773438 576.3358764648438 1113.403076171875 1037.4915771484375],[143.10397338867188 212.3126678466797 294.1999816894531 258.6158752441406],0.7373672723770142,KE64GYW,0.5745630603201454
138,106.0,[670.4500732421875 576.3438110351562 1113.44873046875 1037.656005859375],[143.11557006835938 212.3212890625 294.2242736816406 258.64190673828125],0.73680579662323,KE64GYW,0.5745630603201454
139,106.0,[670.800537109375 576.2896728515625 1113.4227294921875 1037.487548828125],[143.15838623046875 212.32217407226562 294.1814880371094 258.6018981933594],0.7360570430755615,KE64GYW,0.5745630603201454
140,106.0,[670.8923950195312 576.328369140625 1113.440185546875 1037.628662109375],[143.24563598632812 212.4468536376953 294.2341613769531 258.6056213378906],0.7342621088027954,KE64GYW,0.5601998747262359
141,106.0,[670.8118896484375 576.3894653320312 1113.4552001953125 1037.47314453125],[143.18435668945312 212.4532012939453 294.1560363769531 258.5469055175781],0.7388792037963867,KE64GYW,0.5932679305388392
142,106.0,[670.8346557617188 576.34130859375 1113.387939453125 1037.3035888671875],[143.14515686035156 212.35865783691406 294.239013671875 258.70965576171875],0.7403339743614197,KE64GYW,0.5496045837035247
143,106.0,[670.8030395507812 576.3978881835938 1113.308349609375 1037.5560302734375],[143.1496124267578 212.3714599609375 294.2757873535156 258.7031555175781],0.7398784160614014,KE64GYW,0.5976934910363373
144,106.0,[670.736572265625 576.4134521484375 1113.2325439453125 1037.4228515625],[143.2071533203125 212.36151123046875 294.206298828125 258.6915283203125],0.7423126697540283,KE64GYW,0.5982537051191285
145,106.0,[670.601806640625 576.3499145507812 1113.194091796875 1037.4632568359375],[143.34347534179688 212.33518981933594 294.17645263671875 258.69677734375],0.7418806552886963,KE64GYW,0.5877544989638291
146,106.0,[670.504638671875 576.2987060546875 1113.172119140625 1037.4400634765625],[143.3148956298828 212.33580017089844 294.1658630371094 258.69976806640625],0.7433664202690125,KE64GYW,0.5810030881286055
147,106.0,[670.3146362304688 576.3362426757812 1113.2674560546875 1037.358642578125],[143.34481811523438 212.2698516845703 294.1995849609375 258.7733459472656],0.7417683005332947,KE64GYW,0.5802079942251539
148,106.0,[670.1889038085938 576.3316040039062 1113.259521484375 1037.484375],[143.2834930419922 212.30845642089844 294.1529541015625 258.7776794433594],0.740198016166687,KE64GYW,0.5767786450234437
149,106.0,[670.1481323242188 576.3357543945312 1113.23388671875 1037.6544189453125],[143.29383850097656 212.3229217529297 294.1666564941406 258.7625732421875],0.7383064031600952,KE64GYW,0.5842127964046464
150,106.0,[669.947265625 576.3865356445312 1113.3167724609375 1037.344482421875],[143.85052490234375 211.85218811035156 295.40704345703125 258.60577392578125],0.7365022301673889,KE64GYH,0.8916749527640855
151,106.0,[669.8462524414062 576.3814086914062 1113.3385009765625 1037.7818603515625],[143.92857360839844 211.91729736328125 295.4921875 258.60107421875],0.7397275567054749,KE64GYH,0.8941083497186866
152,106.0,[669.7662963867188 576.34033203125 1113.3765869140625 1037.953125],[144.00418090820312 211.864990234375 295.48358154296875 258.52069091796875],0.7411390542984009,KE64GYW,0.6033942645169631
153,106.0,[669.8590087890625 576.3973388671875 1113.3543701171875 1038.1787109375],[143.79237365722656 211.9078826904297 295.3092956542969 258.8201599121094],0.7586230635643005,KE64GYH,0.8992591734764656
154,106.0,[669.977783203125 576.4287719726562 1113.3319091796875 1038.1136474609375],[143.82449340820312 211.9515838623047 295.27239990234375 258.8583984375],0.7589849829673767,KE64GYH,0.8992591734764656
155,106.0,[669.6734619140625 576.518310546875 1113.269775390625 1038.2886962890625],[143.76722717285156 211.85108947753906 295.314208984375 258.87933349609375],0.7601185441017151,KE64GYH,0.8992591734764656
156,106.0,[669.2921752929688 576.4654541015625 1113.3287353515625 1038.1356201171875],[143.7779083251953 211.90162658691406 295.28369140625 258.89642333984375],0.7595224976539612,KE64GYH,0.8992591734764656
157,106.0,[668.9579467773438 576.497314453125 1113.34033203125 1038.3212890625],[144.74716186523438 212.1815185546875 296.1313171386719 258.5140380859375],0.7587074637413025,KE64GYW,0.7867502384390933
158,106.0,[669.6903076171875 576.52392578125 1113.320556640625 1038.3134765625],[143.72329711914062 211.84732055664062 295.36553955078125 258.9412841796875],0.7616398334503174,KE64GYH,0.8923763884759006
159,106.0,[670.126708984375 576.7197265625 1113.3304443359375 1038.3155517578125],[143.0120849609375 211.90802001953125 294.9057312011719 258.8552551269531],0.7570308446884155,KE64GYH,0.8328704682429932
160,106.0,[670.248779296875 576.7916870117188 1113.385986328125 1038.4356689453125],[143.0730743408203 211.92311096191406 294.87127685546875 258.8729248046875],0.7563055157661438,KE64GYH,0.8328704682429932
161,106.0,[669.7411499023438 576.745849609375 1113.3458251953125 1038.1859130859375],[143.7883758544922 211.91673278808594 295.5596008300781 258.81024169921875],0.7565387487411499,KE64GYH,0.8746528410159339
162,106.0,[669.7069702148438 576.6455688476562 1113.2386474609375 1038.125732421875],[143.833984375 211.98101806640625 295.5252685546875 258.7259521484375],0.7563897371292114,KE64GYH,0.8746528410159339
163,106.0,[669.5590209960938 576.5924682617188 1113.1337890625 1038.1807861328125],[143.87022399902344 212.0068359375 295.51068115234375 258.7108459472656],0.755593478679657,KE64GYH,0.3989745104438998
164,106.0,[669.7083129882812 576.5484619140625 1113.0616455078125 1038.172119140625],[143.8883056640625 212.0211181640625 295.4993591308594 258.6874694824219],0.7553578615188599,KE64GYH,0.3989745104438998
165,106.0,[669.6964111328125 576.5101928710938 1112.985107421875 1038.1533203125],[144.0017547607422 212.20497131347656 295.52825927734375 258.4142761230469],0.7568705081939697,KE64GYW,0.6546767397963891
166,106.0,[669.7099609375 576.588623046875 1113.044921875 1038.135009765625],[143.9559783935547 211.88365173339844 295.57562255859375 258.8153076171875],0.7572863698005676,KE64GYH,0.8825821509446111
167,106.0,[669.9483032226562 576.54541015625 1113.0955810546875 1038.1341552734375],[143.88232421875 211.92123413085938 295.5777587890625 258.7414245605469],0.7578904628753662,KE64GYH,0.8985502843064549
168,106.0,[670.2661743164062 576.522705078125 1113.1575927734375 1038.1568603515625],[143.14451599121094 211.97511291503906 294.9151916503906 258.7923583984375],0.7596728801727295,KE64GYH,0.6617024428270872
169,106.0,[670.1781005859375 576.528076171875 1113.10302734375 1038.1851806640625],[143.06875610351562 211.88677978515625 294.9615783691406 258.89984130859375],0.7607287168502808,KE64GYH,0.6645020515295119
170,106.0,[669.94921875 576.6661376953125 1113.0296630859375 1038.39453125],[143.83779907226562 211.91082763671875 295.68206787109375 258.81463623046875],0.7599057555198669,KE64GYH,0.9133981319979688
171,106.0,[670.0086669921875 576.79248046875 1112.9996337890625 1038.2735595703125],[142.648681640625 212.18218994140625 294.3527526855469 258.5206298828125],0.7551893591880798,KE64GYH,0.40482248127875226
172,106.0,[670.3569946289062 576.746337890625 1113.01123046875 1038.4573974609375],[143.1682891845703 212.0303497314453 294.93719482421875 258.7757873535156],0.7598865628242493,KE64GYM,0.5587688599350283
173,106.0,[670.4341430664062 576.768310546875 1112.979248046875 1038.36083984375],[142.76107788085938 212.22763061523438 294.3685607910156 258.4524841308594],0.7550866603851318,KE64GYH,0.42459533833534685
174,106.0,[670.1671142578125 576.7555541992188 1113.024658203125 1038.3031005859375],[143.02642822265625 211.9367218017578 294.99462890625 258.8824768066406],0.7617331743240356,KE64GYH,0.8528942437530357
175,106.0,[670.290283203125 576.7330322265625 1113.0919189453125 1038.322021484375],[142.97885131835938 211.93209838867188 294.991943359375 258.9103698730469],0.7621510624885559,KE64GYH,0.9044130234309562
176,106.0,[670.3220825195312 576.7196655273438 1113.0023193359375 1038.588623046875],[142.96737670898438 211.98928833007812 294.989501953125 258.918701171875],0.7621299624443054,KE64GYH,0.9044130234309562
177,105.0,[430.8424377441406 626.4545288085938 718.1395263671875 879.7000122070312],[58.738609313964844 117.60722351074219 137.46958923339844 144.98004150390625],0.7298503518104553,LL50OBC,0.14586439446753616
177,106.0,[670.508056640625 576.65185546875 1112.9798583984375 1038.185302734375],[142.47805786132812 212.0339813232422 294.4642333984375 258.6796569824219],0.758741021156311,KE64GYH,0.6456494435391225
178,106.0,[670.6088256835938 576.559814453125 1112.91796875 1037.95361328125],[143.05865478515625 211.98193359375 295.46875 258.5931396484375],0.7382266521453857,KE64GYH,0.8528942437530357
179,106.0,[670.6520385742188 576.5294799804688 1112.89453125 1037.867431640625],[143.04515075683594 211.97572326660156 295.481201171875 258.6007385253906],0.7381531000137329,KE64GYH,0.8528942437530357
180,106.0,[670.5805053710938 576.4834594726562 1112.9281005859375 1038.1474609375],[142.44932556152344 212.1200714111328 294.45941162109375 258.6233825683594],0.7585443258285522,KE64GYH,0.6426909357646503
181,106.0,[670.6685180664062 576.484130859375 1112.8865966796875 1037.873779296875],[142.46966552734375 212.32406616210938 294.5830078125 258.8596496582031],0.7373816967010498,KE64GYH,0.5966179605613219
182,106.0,[670.7095947265625 576.4694213867188 1112.8873291015625 1038.1181640625],[142.4613800048828 212.1647491455078 294.4442138671875 258.6229248046875],0.7578912377357483,KE64GYH,0.5888306204466027
183,106.0,[670.539794921875 576.3688354492188 1112.688720703125 1037.8753662109375],[143.16366577148438 212.12603759765625 295.4688720703125 258.4676818847656],0.7376739382743835,KE64GYM,0.5460350339442347
184,106.0,[670.1599731445312 576.3701171875 1112.6484375 1038.0078125],[142.44618225097656 212.12330627441406 294.5308532714844 258.66644287109375],0.7571477293968201,KE64GYH,0.39252972661006696
185,106.0,[670.123046875 576.3447265625 1112.63818359375 1037.8837890625],[143.17539978027344 212.0229949951172 295.4883728027344 258.5564880371094],0.7383386492729187,KE64GYM,0.5517880580802124
186,106.0,[670.1527709960938 576.2638549804688 1112.6387939453125 1037.1019287109375],[143.10159301757812 211.9810028076172 295.59912109375 258.6187744140625],0.738423764705658,KE64GYH,0.8046632305539485
187,106.0,[670.343017578125 576.3009643554688 1112.62646484375 1036.829833984375],[143.17474365234375 211.9485626220703 294.0796813964844 258.5604553222656],0.7324580550193787,KE64GYH,0.8317910967986613
188,106.0,[670.4572143554688 576.3560180664062 1112.734619140625 1036.744873046875],[142.23635864257812 212.19700622558594 293.8773498535156 258.83587646484375],0.7333248257637024,KE64GYH,0.4324900344300959
189,106.0,[670.423828125 576.3421630859375 1112.864990234375 1037.2777099609375],[142.58309936523438 212.2677459716797 294.6247863769531 258.917724609375],0.7387953996658325,KE64GYH,0.43111985879646414
190,106.0,[670.4373779296875 576.3741455078125 1112.9144287109375 1037.4066162109375],[143.22706604003906 212.17132568359375 295.4029541015625 258.4860534667969],0.7367271780967712,KE64GYM,0.5591680887334668
191,106.0,[670.4456176757812 576.3460693359375 1112.8563232421875 1037.2093505859375],[142.5784149169922 212.28382873535156 294.6245422363281 258.8626403808594],0.7374247908592224,KE64GYH,0.6321943785960057
192,105.0,[436.1087951660156 625.0966186523438 718.7421875 879.2097778320312],[66.13743591308594 117.53724670410156 141.88787841796875 143.32168579101562],0.7586139440536499,EL50OBC,0.7344085264715958
192,106.0,[670.5690307617188 576.44189453125 1112.7586669921875 1037.2183837890625],[143.23614501953125 212.06686401367188 295.3575134277344 258.5075378417969],0.7388025522232056,KE64GYM,0.5682313397206454
193,106.0,[670.6546630859375 576.46923828125 1112.7874755859375 1037.3251953125],[143.19517517089844 211.99203491210938 295.4178771972656 258.51971435546875],0.7391052842140198,KE64GYH,0.8242661271434155
194,106.0,[670.4963989257812 576.5140991210938 1112.8316650390625 1037.667236328125],[143.23556518554688 212.01829528808594 295.4119567871094 258.49224853515625],0.7397604584693909,KE64GYM,0.5890627928611164
195,106.0,[670.4292602539062 576.4998779296875 1112.8162841796875 1037.80615234375],[143.20018005371094 211.97576904296875 295.4276123046875 258.5126037597656],0.7397873401641846,KE64GYH,0.7983653494066498
196,106.0,[670.7940063476562 576.4424438476562 1112.94677734375 1037.323486328125],[143.32785034179688 212.0191192626953 295.319580078125 258.4018249511719],0.7393456697463989,KE64GYM,0.5890627928611164
197,106.0,[670.9923095703125 576.456298828125 1113.038818359375 1037.389404296875],[143.3694610595703 212.3756103515625 294.5260925292969 258.5543518066406],0.7501662373542786,KE64GYM,0.5810556614848469
198,105.0,[442.5350341796875 625.273193359375 720.741943359375 878.1964111328125],[64.86758422851562 116.02828216552734 140.48147583007812 142.86959838867188],0.7646207213401794,BL50OBC,0.09325805702061872
198,106.0,[671.03662109375 576.5003051757812 1113.030029296875 1037.040771484375],[142.80563354492188 212.3129425048828 293.8318176269531 258.2641906738281],0.7475035190582275,KE64GYM,0.5779455940343846
199,106.0,[671.0115966796875 576.5438232421875 1112.9884033203125 1037.0460205078125],[141.98593139648438 212.18109130859375 293.2641296386719 258.7389221191406],0.7472730875015259,KE64GYW,0.5614486124361545
200,106.0,[670.9259033203125 576.688232421875 1113.0032958984375 1037.0098876953125],[143.2593231201172 212.2667694091797 294.21832275390625 259.438720703125],0.7427988648414612,KE64GYM,0.8353106605025055
201,106.0,[670.850341796875 576.7384033203125 1112.935791015625 1037.0242919921875],[142.69033813476562 211.91079711914062 294.45379638671875 259.67694091796875],0.7389401197433472,KE64GYH,0.4860554998253219
202,106.0,[670.965576171875 576.855224609375 1112.7322998046875 1037.652587890625],[143.1516571044922 212.3206787109375 295.7692565917969 260.1841735839844],0.719782829284668,KE64GYW,0.47906369879569743
203,106.0,[670.9049682617188 577.2095336914062 1112.584228515625 1037.8680419921875],[143.1385955810547 210.59677124023438 295.1734924316406 259.5365295410156],0.7460581660270691,KE64GYH,0.4850606052279106
204,106.0,[670.7960815429688 577.5221557617188 1112.740478515625 1037.904296875],[143.04161071777344 210.67172241210938 295.5236511230469 260.17413330078125],0.7391849756240845,KE64GYW,0.459161789927227
205,105.0,[451.9285583496094 626.5438842773438 721.8803100585938 875.1099243164062],[60.828006744384766 114.84423828125 136.20619201660156 140.41981506347656],0.760047435760498,BL60OBC,0.21427985901665175
205,106.0,[670.8084716796875 577.142578125 1113.4246826171875 1038.201171875],[143.52354431152344 211.76123046875 295.2989807128906 260.1351623535156],0.7313774824142456,KE64GYR,0.3463633643436827
206,106.0,[670.8018188476562 576.7222900390625 1113.8509521484375 1038.11083984375],[143.1619873046875 213.02902221679688 295.15771484375 262.7257080078125],0.7216806411743164,KE64GYH,0.8902544914072354
207,105.0,[455.9622802734375 626.0164184570312 722.0625610351562 874.243896484375],[59.15452194213867 114.1836166381836 134.25331115722656 139.8928985595703],0.7597987055778503,BL60OBC,0.2857694557325206
207,106.0,[671.3180541992188 576.8306274414062 1114.1988525390625 1037.6998291015625],[142.67434692382812 212.67015075683594 294.6022033691406 262.7109069824219],0.7102549076080322,KE64GYW,0.5806164953370981
208,105.0,[458.0257873535156 626.025634765625 724.1435546875 873.5873413085938],[57.2620849609375 114.18678283691406 132.46315002441406 139.92977905273438],0.7587776184082031,BL60OBC,0.6227461066119413
208,106.0,[671.662109375 577.3805541992188 1113.9664306640625 1037.5185546875],[143.49105834960938 211.82098388671875 293.96722412109375 262.5447692871094],0.7283445000648499,KE64GYH,0.28769224682416034
209,106.0,[671.9835205078125 577.7030029296875 1113.5579833984375 1037.2530517578125],[143.5417938232422 211.86520385742188 293.9151306152344 261.9833679199219],0.7319450974464417,KE64GYM,0.31334209904572746
210,105.0,[464.3756103515625 626.650146484375 725.3804321289062 873.237060546875],[52.287506103515625 113.8218765258789 128.07005310058594 139.8309783935547],0.7322896718978882,PL60OBC,0.22339495605198786
210,106.0,[672.3947143554688 578.3683471679688 1112.4566650390625 1037.0147705078125],[141.81103515625 210.8839111328125 292.85772705078125 260.9098205566406],0.7466262578964233,KE64GYW,0.3423501986399507
211,105.0,[464.90191650390625 626.8432006835938 725.1806640625 873.5114135742188],[52.3012809753418 113.82257843017578 128.0476531982422 139.81399536132812],0.7330290675163269,PL60OBC,0.3241662418931667
211,106.0,[672.6435546875 578.1753540039062 1112.485107421875 1036.9898681640625],[142.30064392089844 210.5537109375 293.03778076171875 261.3905944824219],0.7441369891166687,KE64GYM,0.601714519706051
212,105.0,[465.0634460449219 626.8963012695312 724.9793090820312 873.9708251953125],[51.31740951538086 114.02191925048828 127.00163269042969 140.25936889648438],0.7342410087585449,BL60OBC,0.22293882933791842
212,106.0,[672.7047119140625 578.1691284179688 1112.5716552734375 1036.320556640625],[142.2252960205078 210.65504455566406 292.8205871582031 261.1895446777344],0.7422022819519043,KE64GYM,0.4461121423553393
213,106.0,[672.8740234375 578.742431640625 1111.637451171875 1035.63525390625],[142.11370849609375 210.05406188964844 293.2171630859375 259.9770812988281],0.7169315218925476,KE64GYH,0.7987953008978563
214,105.0,[465.31396484375 627.1851806640625 724.7987060546875 872.7926025390625],[55.24724578857422 112.79911041259766 128.489990234375 137.82887268066406],0.7494916915893555,BL50OBC,0.2240710614514216
214,106.0,[673.198486328125 578.63623046875 1111.5037841796875 1035.26904296875],[141.66539001464844 209.4497833251953 291.8827209472656 259.1593322753906],0.7377012372016907,KE64GYA,0.4248497473733273
215,106.0,[673.6484375 578.611328125 1111.708984375 1035.8653564453125],[142.1128692626953 209.408203125 291.2890930175781 257.2023620605469],0.752850353717804,KE64GYH,0.7362029794848091
216,106.0,[674.3912963867188 578.503662109375 1111.6153564453125 1036.2314453125],[141.43344116210938 209.10874938964844 290.43365478515625 257.3681335449219],0.768286943435669,KE64GYH,0.8728536051724213
217,106.0,[675.2073974609375 578.3101806640625 1111.3251953125 1036.0186767578125],[141.12869262695312 209.23843383789062 289.6309509277344 258.1041564941406],0.7704859375953674,KE64GYH,0.7273954831000836
218,105.0,[465.3333740234375 625.9284057617188 726.9968872070312 872.3544921875],[57.16093063354492 115.06475830078125 130.8531036376953 138.81472778320312],0.7535502910614014,BL60OBC,0.37597757063927023
218,106.0,[675.78076171875 578.3731079101562 1111.14013671875 1035.6077880859375],[140.4952392578125 208.9622344970703 289.0875244140625 256.6673278808594],0.7609789967536926,KE64GYH,0.8560925788324165
219,106.0,[676.2354736328125 578.4168090820312 1111.3463134765625 1034.0797119140625],[140.3468017578125 208.5686492919922 288.43878173828125 256.5576477050781],0.7693251967430115,KE64GYH,0.6423970628029415
220,106.0,[677.2395629882812 578.586669921875 1111.168701171875 1033.3193359375],[140.24456787109375 208.24647521972656 287.10626220703125 255.21153259277344],0.7622784376144409,KE64GYH,0.7099370057243672
221,106.0,[678.29541015625 579.0166015625 1110.8948974609375 1032.5714111328125],[139.4043426513672 207.00843811035156 286.61187744140625 254.2699432373047],0.7579001188278198,KE64GYH,0.8869402779235714
222,106.0,[679.151123046875 579.4063110351562 1110.492919921875 1031.7957763671875],[138.4167022705078 206.87197875976562 285.13873291015625 254.1163787841797],0.7611357569694519,KE64GYM,0.7150673530701369
223,106.0,[679.817138671875 579.8504028320312 1110.1162109375 1030.272216796875],[139.72183227539062 206.9293975830078 284.87725830078125 251.9973602294922],0.7641514539718628,KE64GYH,0.5845092724898845
224,105.0,[469.93328857421875 625.9082641601562 731.7245483398438 871.2137451171875],[57.58488845825195 114.01888275146484 130.99171447753906 138.5453643798828],0.7624607086181641,DL60OBC,0.37228128534814303
224,106.0,[680.4111938476562 580.3688354492188 1109.7791748046875 1029.03515625],[138.11727905273438 205.11099243164062 284.1069641113281 252.66000366210938],0.7648473381996155,KE64GYH,0.8697209471190248
225,106.0,[680.722412109375 580.927978515625 1109.40576171875 1027.464599609375],[138.9079132080078 204.75955200195312 284.5299072265625 250.06385803222656],0.7761101126670837,KE64GYH,0.8713522927876439
226,106.0,[682.7210693359375 581.2333984375 1109.446044921875 1025.48095703125],[137.5313262939453 203.47894287109375 281.4714050292969 248.22531127929688],0.7878721356391907,KE64GYH,0.6212294098963328
227,106.0,[683.756103515625 581.2713623046875 1109.326416015625 1023.0784912109375],[136.683837890625 202.61817932128906 280.3876647949219 247.5517578125],0.7741210460662842,KE64GYM,0.40831000160594844
228,106.0,[684.830078125 581.1727905273438 1108.437744140625 1022.6671752929688],[135.61050415039062 202.24122619628906 279.2480773925781 247.4755401611328],0.7774145603179932,KE64GYN,0.5868453658049307
229,106.0,[686.3355102539062 581.2835083007812 1106.9686279296875 1022.0452880859375],[135.04666137695312 202.26663208007812 278.18310546875 247.8434600830078],0.7822070121765137,KE64GYH,0.8328135925828845
230,106.0,[687.1331787109375 581.8126220703125 1106.9576416015625 1020.9234619140625],[133.5977020263672 201.8800048828125 276.0047302246094 246.4785919189453],0.7799119353294373,KE64GYH,0.5419597353222775
231,106.0,[687.6561279296875 582.4512329101562 1106.5257568359375 1020.0073852539062],[135.37432861328125 200.67178344726562 277.093994140625 244.8053741455078],0.7880739569664001,KE64GYM,0.7564253233517679
232,106.0,[687.7449340820312 582.694580078125 1106.423583984375 1019.7863159179688],[135.16278076171875 199.98594665527344 277.8942565917969 245.43753051757812],0.785452663898468,KE64GYM,0.592780874926867
233,106.0,[688.92138671875 582.5562744140625 1105.3309326171875 1019.9022216796875],[133.79808044433594 200.10255432128906 275.9727783203125 244.64739990234375],0.7785091400146484,KE64GYM,0.49003711948033013
234,106.0,[689.771484375 583.0650024414062 1102.9259033203125 1018.6236572265625],[133.98214721679688 197.42747497558594 277.44134521484375 243.39010620117188],0.7538650035858154,KE64GYM,0.9465181207638067
235,105.0,[477.8213195800781 626.8927001953125 736.4011840820312 870.4143676757812],[57.18718338012695 112.01493072509766 129.0753173828125 136.6212921142578],0.7539898753166199,RL50OBC,0.17933392347177154
235,106.0,[690.5487670898438 582.8258666992188 1103.8516845703125 1018.4784545898438],[133.8428192138672 198.8057861328125 273.5803527832031 243.19480895996094],0.7710461616516113,KE64GYR,0.3238839245702336
236,106.0,[690.8983154296875 582.893310546875 1104.1580810546875 1018.8958740234375],[134.95713806152344 197.94248962402344 273.8642883300781 242.3000030517578],0.7685802578926086,KE64GYM,0.4794120396791072
237,106.0,[690.9681396484375 582.9224853515625 1104.1820068359375 1019.0475463867188],[134.74476623535156 197.89028930664062 273.32659912109375 242.7867889404297],0.7640112042427063,KE64GYM,0.5314233268562998
238,106.0,[692.0472412109375 582.9205932617188 1101.8314208984375 1016.9635620117188],[132.73248291015625 197.6131591796875 271.7635192871094 241.3269805908203],0.7608064413070679,KE64GYH,0.6753560982320282
239,106.0,[693.5641479492188 582.97021484375 1099.2958984375 1013.8780517578125],[133.42771911621094 196.4144744873047 271.9939270019531 240.42605590820312],0.7565602660179138,KE64GYR,0.8680913719321126
240,105.0,[478.9371337890625 627.9823608398438 742.7469482421875 868.5866088867188],[59.67664337158203 111.10321044921875 130.43081665039062 134.522705078125],0.754956841468811,BL50OBC,0.23693875156500216
240,106.0,[695.1165161132812 583.0519409179688 1097.857666015625 1012.2431640625],[131.98341369628906 193.91236877441406 270.5097961425781 239.1343231201172],0.7608053088188171,KE64GYR,0.3307753906075513
241,106.0,[696.66064453125 583.52001953125 1097.5933837890625 1010.69189453125],[132.10092163085938 194.578857421875 269.25048828125 237.96693420410156],0.762917697429657,KE64GYA,0.6503884419612673
242,105.0,[482.0573425292969 628.7027587890625 746.0890502929688 867.5866088867188],[56.603729248046875 109.18057250976562 128.51806640625 133.7942657470703],0.7449919581413269,BL50OBC,0.13360853124747668
242,106.0,[697.1273193359375 583.6565551757812 1096.8846435546875 1010.62158203125],[131.48582458496094 193.328369140625 268.4053649902344 237.947998046875],0.7672311067581177,KE64GYH,0.4149046660230128
243,106.0,[697.9555053710938 584.4314575195312 1096.3773193359375 1009.6056518554688],[130.89129638671875 192.1005096435547 268.6490478515625 236.24436950683594],0.7458367347717285,KE64GYR,0.6928044674665461
244,106.0,[699.5123291015625 584.89306640625 1095.219970703125 1007.0455322265625],[130.15744018554688 191.14462280273438 266.2049560546875 234.62368774414062],0.7055250406265259,KE64GYR,0.8635984570392119
245,106.0,[699.9576416015625 585.1322021484375 1094.736083984375 1006.1414794921875],[130.90106201171875 190.31845092773438 265.32781982421875 233.31507873535156],0.7404115796089172,KE64GYR,0.8504561740683986
246,106.0,[699.6336059570312 585.6533203125 1094.230712890625 1004.2184448242188],[131.2638397216797 189.40061950683594 265.6523742675781 232.8419189453125],0.7534052133560181,KE64GYM,0.5738335755237218
247,106.0,[701.5206298828125 585.4830322265625 1093.55224609375 1000.661865234375],[129.98492431640625 188.532958984375 262.5610656738281 230.95314025878906],0.7628238797187805,KE64GYW,0.7270835684190381
248,105.0,[487.3841247558594 628.6685791015625 750.93017578125 864.1979370117188],[55.842369079589844 108.4588851928711 127.39408874511719 132.65597534179688],0.7404434680938721,BL60OBC,0.26534484842713935
248,106.0,[703.109130859375 585.4351196289062 1093.206298828125 998.3893432617188],[128.5724334716797 187.41392517089844 261.13177490234375 230.10037231445312],0.7537909746170044,KE64GYA,0.4349311481814497
249,106.0,[703.7031860351562 585.8681030273438 1092.91162109375 996.2609252929688],[130.19976806640625 187.42079162597656 261.50103759765625 230.45455932617188],0.7673501968383789,KE64GYH,0.51739874790847
250,106.0,[703.872314453125 585.9451904296875 1092.7255859375 995.6881103515625],[129.49961853027344 187.04330444335938 261.40338134765625 229.8512420654297],0.7632585763931274,KE64GYA,0.47513959559634955
251,106.0,[703.882080078125 585.962646484375 1092.857666015625 995.0567016601562],[129.62152099609375 187.03656005859375 261.42596435546875 229.8496856689453],0.7638903260231018,KE64GYA,0.30488051555824336
252,106.0,[706.3987426757812 586.81982421875 1091.53662109375 993.7369995117188],[128.1991729736328 185.67718505859375 258.5070495605469 227.298095703125],0.7533926963806152,KE64GYM,0.4470238039911967
253,105.0,[490.4790954589844 630.220458984375 755.632568359375 864.0493774414062],[55.52114486694336 106.31946563720703 126.10785675048828 131.10281372070312],0.7592700123786926,BL60OBC,0.573311757318049
253,106.0,[708.7495727539062 588.0567626953125 1092.1280517578125 991.3098754882812],[128.1971893310547 182.2950439453125 256.7842102050781 224.7465362548828],0.7662202715873718,KE64GYR,0.4243642158199435
254,105.0,[490.8008117675781 630.287841796875 755.7354125976562 863.858642578125],[55.850494384765625 106.24496459960938 126.34961700439453 130.5359649658203],0.7584879994392395,BL60OBC,0.5474349292766056
254,106.0,[709.228759765625 588.5542602539062 1092.3603515625 990.70654296875],[126.93501281738281 182.40989685058594 255.5657501220703 223.93507385253906],0.7569074630737305,KE64GYR,0.44140313898557126
255,106.0,[711.2579345703125 588.3131713867188 1090.265625 989.5803833007812],[125.67652130126953 179.31060791015625 253.9375762939453 224.1206817626953],0.7459776401519775,KE64GYH,0.36513518707333437
256,106.0,[713.4408569335938 588.2096557617188 1088.9696044921875 988.3976440429688],[125.49864959716797 179.52874755859375 251.36253356933594 221.60569763183594],0.7550677061080933,KE64GYM,0.31958598396892984
257,106.0,[712.2897338867188 588.2415161132812 1088.5478515625 987.703857421875],[126.16280364990234 178.35614013671875 252.54002380371094 221.8442840576172],0.7460310459136963,KE64GYW,0.37555821455291766
258,106.0,[712.69873046875 588.310791015625 1088.3541259765625 986.2678833007812],[127.1307601928711 178.679931640625 251.91737365722656 220.95126342773438],0.760935366153717,KE64GYW,0.7745053481108051
259,106.0,[713.6851196289062 588.5830078125 1088.456787109375 984.38720703125],[127.6126937866211 179.1533203125 250.9716796875 219.41702270507812],0.7632396221160889,KE64GYW,0.32877977235691674
261,106.0,[716.7213745117188 590.2357177734375 1087.1138916015625 981.8811645507812],[125.48648071289062 176.63943481445312 247.67994689941406 216.56362915039062],0.7630225419998169,KE64GYR,0.3980911662419693
262,106.0,[718.56884765625 590.3853759765625 1086.232666015625 980.3599243164062],[125.19401550292969 176.556396484375 245.4328155517578 214.851806640625],0.7650766372680664,KE64GYM,0.3828521594934673
263,106.0,[719.1585083007812 590.5394287109375 1086.008056640625 979.7938842773438],[123.91883850097656 176.290771484375 244.66006469726562 214.8660125732422],0.7556276321411133,KE64GYM,0.39819536066924943
264,106.0,[719.6267700195312 590.655029296875 1086.006591796875 977.2855224609375],[124.6751708984375 175.14944458007812 244.2042236328125 213.16098022460938],0.7615852355957031,KE64GYM,0.19739640163378264
265,106.0,[721.471923828125 590.866455078125 1085.379638671875 975.8734130859375],[123.8411636352539 174.51014709472656 242.5333709716797 212.83302307128906],0.7645965218544006,KE64GYM,0.7481100327180339
266,106.0,[720.9382934570312 590.7608642578125 1084.759033203125 974.2777709960938],[124.64279174804688 174.218994140625 242.1938018798828 211.1334991455078],0.7538524866104126,KE64GYR,0.5437050515971659
267,106.0,[719.40869140625 590.853759765625 1084.70654296875 972.2553100585938],[125.75297546386719 172.64295959472656 244.8199920654297 211.2767791748047],0.7443697452545166,KE64GYM,0.3325786174372953
268,105.0,[498.13525390625 630.8418579101562 757.9304809570312 860.5681762695312],[53.433128356933594 106.948486328125 124.31499481201172 130.18724060058594],0.7455977201461792,BL60DBC,0.1590502172013884
268,106.0,[723.1360473632812 591.177490234375 1084.047607421875 970.27978515625],[123.29408264160156 171.448486328125 240.11778259277344 209.5391387939453],0.7641086578369141,KE64GYH,0.37592532958543995
269,106.0,[725.3229370117188 591.3603515625 1083.8182373046875 968.234130859375],[121.81262969970703 170.8343963623047 238.4943084716797 209.35018920898438],0.7595980167388916,KE64CYM,0.6195759070285701
270,106.0,[726.1098022460938 591.4329833984375 1083.6890869140625 967.2593994140625],[120.71566772460938 171.0492706298828 237.79705810546875 209.1790313720703],0.7560663223266602,KE64GYW,0.3082694317311927
271,106.0,[732.4450073242188 592.3193969726562 1083.421630859375 966.2841796875],[116.6628646850586 169.97869873046875 231.12139892578125 206.5140838623047],0.7678090333938599,KE64GYH,0.5238913266439502
272,106.0,[737.4246215820312 593.4802856445312 1083.23388671875 965.6524658203125],[113.87113952636719 168.9584197998047 226.65769958496094 205.13662719726562],0.7696494460105896,KE64GYM,0.5135341884405314
273,106.0,[740.006591796875 594.3753051757812 1082.9132080078125 963.9754638671875],[112.06402587890625 167.5716094970703 223.86282348632812 203.64633178710938],0.7676669955253601,KE64CYM,0.4945612432037228
274,106.0,[742.1864624023438 595.5299072265625 1082.9306640625 963.5894775390625],[111.17256164550781 166.50559997558594 222.61366271972656 202.09182739257812],0.7555120587348938,KE64GYM,0.5106996112115396
275,106.0,[743.442626953125 598.145751953125 1082.0484619140625 961.5310668945312],[110.47274780273438 162.60653686523438 222.4029541015625 200.38992309570312],0.7458168268203735,KE64GYM,0.22370055084288054
276,106.0,[743.7055053710938 598.7608642578125 1081.69482421875 960.6473388671875],[111.09278869628906 163.1386260986328 221.69091796875 199.1805877685547],0.7509590983390808,KE64GYM,0.6947444362224304
278,106.0,[745.572021484375 600.4646606445312 1080.4727783203125 958.9014282226562],[110.33699035644531 161.4492645263672 219.2001190185547 197.35189819335938],0.7580737471580505,KE64GYM,0.45487931094095607
279,106.0,[747.5657958984375 600.7666625976562 1079.71728515625 957.15869140625],[109.21846008300781 162.0801239013672 217.28945922851562 197.06192016601562],0.7753745317459106,KE64GYM,0.6678797404014414
280,106.0,[749.2963256835938 601.21630859375 1079.3160400390625 955.3912963867188],[107.7218017578125 161.33554077148438 215.49368286132812 196.39996337890625],0.7696511745452881,RE64CYM,0.43193399323622345
282,106.0,[751.8059692382812 601.906005859375 1079.3175048828125 952.8168334960938],[108.73778533935547 160.5279541015625 214.38046264648438 196.09739685058594],0.7841941714286804,RE64GYM,0.44945508183652916
283,106.0,[753.3519287109375 603.0003051757812 1079.197021484375 952.74755859375],[104.97611999511719 159.8269805908203 213.359619140625 194.8919219970703],0.7611451148986816,KE64GYM,0.5144711782117347
285,106.0,[756.2001953125 604.48828125 1078.073974609375 949.78369140625],[104.16216278076172 157.43820190429688 211.43678283691406 192.82049560546875],0.7622368335723877,KE64GYW,0.49066197907858894
286,106.0,[756.421630859375 604.7859497070312 1077.6322021484375 949.4193725585938],[105.12310028076172 157.8077850341797 211.0142059326172 192.02297973632812],0.769666850566864,RE64GYW,0.4690862581177371
287,106.0,[757.7855224609375 604.444091796875 1077.4998779296875 946.436279296875],[106.62895965576172 155.31724548339844 210.85360717773438 191.18824768066406],0.7700694799423218,KE64GYR,0.3685424326881736
288,106.0,[757.62451171875 604.5891723632812 1077.8048095703125 945.358642578125],[107.34135437011719 155.896240234375 210.74278259277344 190.4753875732422],0.7629625797271729,KE64GYR,0.5441379777391355
289,106.0,[758.6692504882812 604.60546875 1077.832763671875 944.637451171875],[106.06170654296875 156.1618194580078 210.20794677734375 190.4364013671875],0.7612735033035278,KE64GYK,0.6385874548889021
290,106.0,[758.9842529296875 604.598876953125 1077.87744140625 944.3999633789062],[105.99149322509766 156.10276794433594 210.23866271972656 190.50405883789062],0.7631394863128662,RE64GYM,0.6980975099208546
292,106.0,[760.4078979492188 604.6910400390625 1078.5020751953125 943.1724853515625],[106.3304214477539 154.57167053222656 209.17013549804688 189.95553588867188],0.7689168453216553,KE54GYR,0.27005845711348775
293,106.0,[762.6482543945312 606.7312622070312 1078.7672119140625 941.312744140625],[105.87126922607422 153.45724487304688 206.85289001464844 187.16094970703125],0.790916383266449,RE64GYM,0.43779873780349327
294,106.0,[763.546875 607.4852905273438 1078.6962890625 940.3350219726562],[101.5776596069336 151.96102905273438 205.95252990722656 187.09031677246094],0.7573882341384888,KE64GYM,0.29742298510025295
295,106.0,[763.6373291015625 606.6279296875 1078.6175537109375 941.0000610351562],[101.2364730834961 152.38043212890625 205.94192504882812 186.98255920410156],0.7693411111831665,KE64GYM,0.47171314457796987
297,106.0,[765.3582763671875 606.96630859375 1078.5147705078125 939.8203125],[102.50736999511719 151.50357055664062 205.14044189453125 186.49429321289062],0.7598042488098145,RE64GYR,0.4765223822726192
298,106.0,[766.0677490234375 608.1854248046875 1079.082763671875 939.7614135742188],[100.37113189697266 151.07296752929688 204.36984252929688 185.30508422851562],0.752407968044281,KE64CYR,0.4791810580841439
299,106.0,[766.29296875 609.8486328125 1079.0250244140625 937.3168334960938],[100.53199768066406 149.43299865722656 204.18919372558594 183.950927734375],0.7598095536231995,KE64GYM,0.39179218884537836
300,106.0,[766.5444946289062 610.5435791015625 1079.1531982421875 935.762451171875],[101.20447540283203 148.3474884033203 204.36114501953125 182.3337860107422],0.770626425743103,KE64GYW,0.13706026577489336
301,106.0,[767.1868286132812 610.7172241210938 1079.0194091796875 934.6976318359375],[101.45748901367188 147.3004608154297 203.7411346435547 181.7789764404297],0.7611112594604492,KE64GYM,0.14620310710036538
302,106.0,[768.5684204101562 610.4231567382812 1078.875732421875 933.6692504882812],[99.7703628540039 147.31939697265625 203.1891326904297 181.95376586914062],0.7620924115180969,KE64CYT,0.26326624149151656
303,106.0,[769.8978271484375 609.4747314453125 1079.3187255859375 934.1407470703125],[99.50927734375 148.00775146484375 202.644775390625 183.0198211669922],0.7593787312507629,KE64GYM,0.6509434958189044
304,106.0,[769.958740234375 609.1360473632812 1079.8948974609375 933.8447875976562],[100.53919982910156 147.7299346923828 202.535888671875 181.8717041015625],0.7636896967887878,KE64GYM,0.6192930713069503
305,106.0,[770.4990844726562 609.3221435546875 1080.0692138671875 933.00048828125],[99.8604736328125 147.74868774414062 201.87442016601562 181.4034423828125],0.7527725100517273,KE64GYR,0.42823032572924474
306,106.0,[770.3629150390625 608.8267822265625 1079.626708984375 932.8514404296875],[100.17375946044922 148.77230834960938 202.419677734375 182.78839111328125],0.7471253275871277,KE64GYW,0.8008713012388621
307,106.0,[770.5643920898438 608.4219360351562 1079.1771240234375 931.8251953125],[100.84970092773438 148.07794189453125 202.1400909423828 182.408203125],0.7422908544540405,KE64GYM,0.417906016212029
308,106.0,[770.8033447265625 608.4140625 1079.0145263671875 931.5807495117188],[102.16012573242188 148.3026885986328 202.96347045898438 181.47787475585938],0.75332111120224,KE64GYI,0.341859455104783
309,106.0,[771.5078735351562 608.1881713867188 1079.3763427734375 931.0629272460938],[102.04692077636719 148.4208221435547 202.2503662109375 181.53366088867188],0.7497257590293884,KE64GYN,0.21417684370322743
310,106.0,[773.4225463867188 608.711669921875 1079.5416259765625 930.7235107421875],[101.32776641845703 148.37530517578125 200.65281677246094 181.16905212402344],0.7509118914604187,KE64GYM,0.5312721717823483
311,106.0,[774.9022216796875 608.7393798828125 1079.982666015625 930.0521240234375],[99.92118835449219 147.1886749267578 199.9278564453125 180.51644897460938],0.752131998538971,KE64GYN,0.28698384571965363
312,106.0,[775.1524047851562 608.3489990234375 1080.274658203125 929.4794921875],[98.18461608886719 146.58102416992188 200.20452880859375 180.9027862548828],0.7453886866569519,KE64GYW,0.2745305680929854
313,106.0,[775.1974487304688 610.2701416015625 1080.60546875 928.3923950195312],[98.20622253417969 145.79893493652344 199.58676147460938 179.04495239257812],0.7522901892662048,KE64GYT,0.25670654019143824
314,106.0,[774.5399169921875 611.5499877929688 1080.8416748046875 928.3991088867188],[99.6656265258789 144.48614501953125 201.19078063964844 178.70140075683594],0.7635450959205627,KE64GYM,0.8758469965667104
315,106.0,[774.2909545898438 612.4732666015625 1080.5401611328125 928.48583984375],[100.75655364990234 144.8262176513672 200.7496337890625 176.89988708496094],0.768658459186554,KE64GYC,0.24715150107219774
316,106.0,[773.2235717773438 611.142578125 1080.90771484375 930.1768188476562],[101.44446563720703 146.25254821777344 201.35574340820312 177.2402801513672],0.7595590949058533,KE64GYT,0.30996513721237007
317,106.0,[772.78125 610.5969848632812 1081.176025390625 930.3037109375],[102.63859558105469 146.7854461669922 202.65736389160156 178.7827911376953],0.7631673216819763,KE64GYC,0.1933268032303043
318,106.0,[772.6168823242188 610.90185546875 1081.30419921875 930.900146484375],[102.52739715576172 146.82070922851562 202.90948486328125 179.08334350585938],0.7652190923690796,KE64GYL,0.2630571998778859
320,106.0,[773.0851440429688 611.1577758789062 1082.1087646484375 930.797607421875],[102.60037231445312 145.97323608398438 201.7720947265625 177.52337646484375],0.7593389749526978,KE64GYL,0.19326904332383754
321,106.0,[772.5199584960938 611.2550048828125 1082.2073974609375 930.4912109375],[103.78240203857422 146.2432403564453 203.18429565429688 177.3050994873047],0.7566195726394653,KE64GYH,0.24195564336321743
322,106.0,[772.253173828125 611.6280517578125 1081.928955078125 930.5049438476562],[103.24837493896484 145.98826599121094 203.18453979492188 177.6767120361328],0.7525961995124817,KE64GYL,0.1789842413475156
323,106.0,[773.5093383789062 611.43505859375 1081.8931884765625 930.513916015625],[102.98699188232422 146.2700653076172 201.9043426513672 177.31915283203125],0.7627947330474854,RE64GYN,0.16703050932973162
324,106.0,[775.299072265625 613.3470458984375 1081.3919677734375 929.6351928710938],[101.03356170654297 144.1347198486328 199.34596252441406 175.73150634765625],0.7732580304145813,KE64GYW,0.19428481496706987
326,106.0,[778.5812377929688 613.5278930664062 1083.10009765625 929.7599487304688],[98.27143096923828 144.2237548828125 197.9739227294922 175.36587524414062],0.7643539309501648,KE64GYQ,0.4103987779058725
327,106.0,[779.6027221679688 613.3247680664062 1084.1092529296875 929.553955078125],[97.52174377441406 144.62815856933594 197.02110290527344 174.91871643066406],0.7631238698959351,KE64GYT,0.3422455705154498
328,106.0,[780.7069702148438 613.0972290039062 1084.36376953125 929.237060546875],[96.02538299560547 144.11538696289062 196.04275512695312 175.0194854736328],0.7631630301475525,KE64GYM,0.6585009498385067
329,106.0,[779.864990234375 611.9820556640625 1084.681884765625 929.1377563476562],[97.26993560791016 144.68959045410156 196.41372680664062 177.1357879638672],0.7694410681724548,KE64GYC,0.5645145808735311
332,106.0,[780.0792846679688 610.9142456054688 1084.6278076171875 928.5957641601562],[95.91654968261719 144.94264221191406 195.09478759765625 177.5419921875],0.7608655095100403,KE64GYU,0.3652227418573239
334,106.0,[781.4347534179688 609.04296875 1084.5303955078125 929.6122436523438],[93.18620300292969 145.13491821289062 195.0822296142578 179.05264282226562],0.7463961839675903,RE64GYL,0.47357162216446513
337,106.0,[782.3896484375 607.5307006835938 1085.155029296875 929.6600341796875],[92.38471221923828 145.85986328125 194.32089233398438 179.57557678222656],0.7454096078872681,KE64GYM,0.27245056681646895
338,106.0,[782.894287109375 606.4828491210938 1086.614990234375 930.7544555664062],[92.74057006835938 146.93458557128906 194.2190399169922 180.3250274658203],0.7501037120819092,KE61GYW,0.14234299847082885
342,106.0,[782.02099609375 604.516845703125 1089.4844970703125 934.2156372070312],[94.61962890625 148.51113891601562 196.5063934326172 182.05703735351562],0.7655812501907349,KE64GYO,0.3018984029091856
343,106.0,[781.8602905273438 604.3731079101562 1090.1099853515625 934.77783203125],[95.56475830078125 148.4217987060547 197.55096435546875 182.44549560546875],0.7655289173126221,KE64GYM,0.09842327500855054
344,106.0,[782.2161254882812 604.4502563476562 1090.587158203125 934.7283325195312],[94.49430847167969 148.44561767578125 196.8912811279297 182.79397583007812],0.7629770040512085,KE64GYM,0.09842327500855054
347,106.0,[780.6573486328125 602.0560302734375 1092.0618896484375 937.2647705078125],[96.6104507446289 149.345458984375 199.5627899169922 184.62574768066406],0.7471410036087036,KE64GYW,0.12931756025310523
348,106.0,[780.6412353515625 602.4378051757812 1091.7730712890625 936.73583984375],[96.69441986083984 149.70269775390625 199.98468017578125 184.6150665283203],0.7519510984420776,KE64GYC,0.10013647771255792
349,106.0,[780.4844970703125 599.6310424804688 1091.179931640625 935.9666137695312],[95.83464050292969 152.0604248046875 200.9911651611328 187.61923217773438],0.7435367107391357,KE64GYW,0.2637096475151257
350,106.0,[781.2915649414062 598.8623657226562 1091.13232421875 934.9138793945312],[96.00009155273438 152.9779510498047 199.53048706054688 188.37399291992188],0.7536811828613281,KE64GYW,0.29672574688611364
351,106.0,[781.4413452148438 597.9563598632812 1091.8544921875 935.9075317382812],[95.3946533203125 153.29986572265625 200.03277587890625 189.08616638183594],0.7536370754241943,KE64CYQ,0.4576699292963332
352,106.0,[781.83984375 597.77587890625 1092.0020751953125 935.1543579101562],[96.10581970214844 153.9680938720703 200.1193389892578 189.42918395996094],0.7511199116706848,KE64GYT,0.5709668153102293
353,106.0,[782.0317993164062 597.154541015625 1093.5955810546875 936.4495849609375],[94.37481689453125 154.0016326904297 199.2671661376953 189.3176727294922],0.749904453754425,KE64GYL,0.19145410102427463
357,106.0,[781.3416748046875 595.3610229492188 1097.92138671875 936.5512084960938],[96.03858947753906 154.82937622070312 201.8509979248047 190.44020080566406],0.7532228231430054,KE54CYM,0.0832478167082054
358,106.0,[778.70703125 593.9622802734375 1102.6026611328125 938.337890625],[98.30377960205078 157.86514282226562 205.6697540283203 193.1640625],0.7518953680992126,KE61GYQ,0.2557093345368352
362,106.0,[777.8477172851562 593.225341796875 1104.1597900390625 940.218017578125],[98.53378295898438 157.48016357421875 208.08404541015625 194.39537048339844],0.7583786249160767,KE64GYQ,0.3533475264074772
364,106.0,[773.2700805664062 593.0585327148438 1108.8424072265625 940.311279296875],[103.80213928222656 157.15757751464844 210.99513244628906 192.6346893310547],0.751010537147522,KE64GYQ,0.15240566370671804
369,106.0,[771.8010864257812 591.6485595703125 1122.32568359375 944.849853515625],[105.30779266357422 160.89720153808594 216.9829864501953 199.13522338867188],0.7526617050170898,KE64GYM,0.12948762922880447
370,106.0,[769.355224609375 590.7350463867188 1128.605712890625 946.4464111328125],[107.07796478271484 162.4268035888672 219.46678161621094 200.12338256835938],0.7561466097831726,KE64GYW,0.145275883527984
371,106.0,[768.4910888671875 590.6455688476562 1127.9425048828125 947.9679565429688],[107.80500030517578 163.11215209960938 221.2393035888672 201.2416229248047],0.7508158087730408,KE64GYM,0.30499480128615386
373,106.0,[767.1808471679688 590.9732666015625 1127.5887451171875 950.4891967773438],[107.88568115234375 164.17617797851562 222.6540069580078 202.9482421875],0.752653956413269,KE64GYQ,0.27914020946944706
374,106.0,[767.03515625 590.8029174804688 1127.8092041015625 951.1930541992188],[108.43678283691406 164.17709350585938 222.92364501953125 203.5637664794922],0.7519885301589966,KE64GYW,0.23124866820240048
375,106.0,[767.1874389648438 590.7091674804688 1128.1075439453125 951.5616455078125],[108.2947998046875 164.285888671875 223.2454833984375 203.5145263671875],0.7519658803939819,KE64GYW,0.5646948345931039
376,106.0,[766.5322875976562 590.6987915039062 1127.6351318359375 952.7145385742188],[109.27786254882812 164.85780334472656 223.67530822753906 204.254150390625],0.7514356970787048,KE64GYR,0.6882233088721309
377,106.0,[765.065185546875 590.9327392578125 1134.6512451171875 954.6683349609375],[108.24826049804688 166.03990173339844 226.3566131591797 206.33404541015625],0.7528229355812073,KE64GYH,0.3103070489172575
378,106.0,[764.0320434570312 592.069580078125 1136.12646484375 956.0806884765625],[109.26396179199219 165.14556884765625 227.3025665283203 204.74520874023438],0.7550041079521179,KE64GYW,0.32738460641210315
379,106.0,[764.4300537109375 592.2950439453125 1137.3907470703125 955.8991088867188],[109.77033233642578 165.22918701171875 226.24375915527344 204.94752502441406],0.7604725956916809,KE64GYW,0.32738460641210315
380,106.0,[763.2899780273438 590.7421875 1135.89404296875 956.41015625],[109.15408325195312 167.42153930664062 229.21484375 208.57952880859375],0.7493607401847839,KE64GYQ,0.4105169942268849
381,106.0,[761.5625610351562 589.7131958007812 1135.977294921875 957.2763061523438],[111.28016662597656 169.1677703857422 231.61912536621094 211.24806213378906],0.7457889318466187,KE64GYR,0.366154033784203
382,106.0,[760.1652221679688 589.32275390625 1135.468017578125 961.1726684570312],[112.6572036743164 169.64312744140625 232.0475616455078 210.72129821777344],0.7447285056114197,KE64GYM,0.4819776339857263
383,106.0,[757.6968994140625 589.2868041992188 1132.5777587890625 964.8380126953125],[114.04805755615234 170.15487670898438 235.23519897460938 211.8281707763672],0.7046895027160645,KE64GYM,0.6354156191744019
384,106.0,[757.4254760742188 589.2410278320312 1131.557373046875 965.8426513671875],[113.96519470214844 170.7336883544922 234.4825897216797 210.74363708496094],0.7127713561058044,KE64GYM,0.4730132324882724
385,106.0,[757.1734619140625 589.21875 1130.5804443359375 966.0238037109375],[116.48857116699219 172.76296997070312 234.05856323242188 211.33828735351562],0.7354664206504822,KE64GPM,0.5409074436993221
386,106.0,[755.66064453125 589.8445434570312 1131.9493408203125 970.92431640625],[116.49771881103516 173.7151641845703 235.53500366210938 214.29928588867188],0.7257488369941711,KE64GYT,0.8026046811319896
387,106.0,[755.2009887695312 590.2155151367188 1133.33740234375 972.7633056640625],[114.64739990234375 173.37034606933594 236.4382781982422 215.43775939941406],0.7399740815162659,KE64GYT,0.27855551872030465
388,106.0,[754.5656127929688 590.0811767578125 1133.7576904296875 973.5731201171875],[115.43000793457031 173.84036254882812 237.41087341308594 216.3376007080078],0.7356765270233154,KE64CYN,0.11841784207562096
389,106.0,[753.6280517578125 589.6897583007812 1134.2464599609375 973.986083984375],[114.82403564453125 173.91783142089844 239.6864013671875 218.78343200683594],0.7091012001037598,KE64GYR,0.20442543462977827
390,106.0,[751.2654418945312 588.4939575195312 1134.200927734375 980.2652587890625],[117.94271087646484 179.14576721191406 239.58424377441406 219.23011779785156],0.7498852014541626,KE64GYM,0.41772652927420123
391,106.0,[751.019775390625 588.1748046875 1134.71533203125 982.4275512695312],[117.48905181884766 181.04835510253906 238.8354949951172 219.44105529785156],0.7521474361419678,KE64GYQ,0.7689385168526933
392,106.0,[748.6982421875 588.1091918945312 1135.383056640625 984.5332641601562],[119.82084655761719 181.55189514160156 241.55731201171875 220.39785766601562],0.7474737763404846,KE64GYH,0.7214798990853091
393,106.0,[746.0636596679688 588.36669921875 1136.24853515625 986.473876953125],[120.57770538330078 181.56216430664062 243.5774688720703 221.54530334472656],0.7393450140953064,KE64GYN,0.24185793592217483
394,106.0,[745.6868286132812 588.490966796875 1136.7486572265625 986.3243408203125],[121.23716735839844 181.8215789794922 243.80923461914062 221.58718872070312],0.7401901483535767,KE64GYH,0.8507949894597359
395,106.0,[743.1246948242188 588.77880859375 1137.79443359375 989.40869140625],[123.01856994628906 183.6392059326172 246.3954620361328 222.13807678222656],0.7433822751045227,KE64GYH,0.6408743038771632
396,106.0,[739.96875 588.6564331054688 1135.7847900390625 993.8841552734375],[123.10296630859375 183.81378173828125 250.1618194580078 225.9934539794922],0.7547835111618042,KE64GYM,0.5124233882755387
397,106.0,[738.7091064453125 588.9288330078125 1136.155517578125 993.4306030273438],[124.31490325927734 184.85000610351562 251.10910034179688 225.1998748779297],0.7574894428253174,KE64GYI,0.34904252363378085
398,106.0,[736.6830444335938 587.7515869140625 1135.578857421875 993.4052124023438],[124.0985336303711 185.0755157470703 252.52908325195312 226.87960815429688],0.7380998134613037,KE64GYR,0.16727722325878974
399,106.0,[736.341064453125 587.23095703125 1135.4312744140625 992.9177856445312],[124.60580444335938 185.0008087158203 253.19166564941406 227.11376953125],0.7433924078941345,KE64GYN,0.8182046431395518
400,106.0,[734.825927734375 586.3014526367188 1134.4906005859375 994.8556518554688],[126.5247802734375 188.47341918945312 257.31109619140625 232.20010375976562],0.7405545711517334,KE64GYT,0.29257045143217664
401,106.0,[733.2036743164062 585.6842041015625 1134.6097412109375 999.1070556640625],[124.4747085571289 188.41360473632812 258.63677978515625 234.04396057128906],0.7402878999710083,KE64GYT,0.4654241698776052
402,106.0,[731.6124877929688 585.54296875 1134.7431640625 1001.630615234375],[126.5558090209961 190.79132080078125 261.366455078125 234.66885375976562],0.7362004518508911,KE64GYQ,0.326241918406712
403,106.0,[731.3544311523438 585.297607421875 1133.9998779296875 1002.9544677734375],[126.93830108642578 190.63638305664062 261.3028564453125 234.52577209472656],0.756500780582428,KE64GYM,0.811452489797574
404,106.0,[728.8722534179688 584.262451171875 1134.375244140625 1003.900634765625],[129.28797912597656 192.7570037841797 264.18304443359375 238.02163696289062],0.728392481803894,KE64GYM,0.8287511373303248
405,106.0,[726.977294921875 584.5877075195312 1134.6260986328125 1006.7688598632812],[129.2615509033203 193.88653564453125 265.194580078125 237.42259216308594],0.7540309429168701,KE64CYW,0.305229771803108
406,106.0,[725.218017578125 585.25537109375 1135.57568359375 1008.6288452148438],[130.3056640625 193.5634765625 266.43682861328125 236.9269256591797],0.7578215003013611,KE64GYQ,0.5595696982884566
407,106.0,[723.6152954101562 585.3046264648438 1136.6810302734375 1010.250244140625],[131.613037109375 194.8379364013672 267.9958190917969 237.60479736328125],0.7546510696411133,KE64CYL,0.4466006244638342
410,106.0,[720.2594604492188 583.9541015625 1145.65966796875 1014.915283203125],[131.8411865234375 196.76934814453125 270.10015869140625 240.8467559814453],0.732276976108551,KE64GYW,0.29552808155306115
411,106.0,[719.932373046875 583.8989868164062 1148.557861328125 1017.07666015625],[132.13458251953125 199.3135223388672 269.8431091308594 242.08009338378906],0.7453093528747559,KE64GYW,0.66530055044334
412,106.0,[719.3588256835938 583.5968017578125 1151.48193359375 1021.5233764648438],[132.92242431640625 199.412353515625 269.88128662109375 243.5481414794922],0.7384127974510193,KE64CYW,0.5793001134067102
413,106.0,[718.219482421875 583.572509765625 1153.9078369140625 1023.6766967773438],[133.37411499023438 199.84127807617188 270.57513427734375 244.06863403320312],0.7428761124610901,KE64GYN,0.29715587786615694
414,106.0,[717.3689575195312 583.2713012695312 1155.9139404296875 1025.3548583984375],[135.54527282714844 201.0556182861328 273.1262512207031 244.74822998046875],0.7444835305213928,KE64GYM,0.37670104489661294
415,106.0,[716.6063232421875 583.0263061523438 1156.1317138671875 1028.193603515625],[134.9186553955078 201.1455535888672 274.21221923828125 245.693603515625],0.7344350218772888,KE64CYW,0.5187873954888632
416,106.0,[715.7949829101562 582.7401123046875 1155.9755859375 1030.2294921875],[135.1460723876953 203.6159210205078 275.3037109375 246.9585723876953],0.729204535484314,KE64GYL,0.37798292758724267
417,106.0,[714.0198364257812 582.698974609375 1152.873291015625 1032.6934814453125],[134.5380859375 203.6873016357422 276.7619323730469 249.05191040039062],0.7302687764167786,KE64GYM,0.40637558424203124
418,106.0,[713.9274291992188 582.7471923828125 1151.38818359375 1033.1651611328125],[135.35711669921875 203.96192932128906 278.2167663574219 250.6095428466797],0.7585701942443848,KE64GYQ,0.5453779773817774
419,106.0,[713.483154296875 582.53369140625 1152.2918701171875 1032.79443359375],[135.02330017089844 204.0419921875 278.00933837890625 251.2897186279297],0.728893518447876,KE64GYQ,0.44597145847714886
420,106.0,[713.083740234375 582.635986328125 1154.727783203125 1032.95751953125],[134.4043731689453 205.07342529296875 277.6650390625 251.83827209472656],0.7324278950691223,KE64GYN,0.22522060966067725
421,106.0,[712.0868530273438 582.2864990234375 1155.4677734375 1035.227783203125],[134.65725708007812 205.6718292236328 278.4792785644531 252.28799438476562],0.7390048503875732,KE64GYW,0.42510194716830196
422,106.0,[711.6808471679688 582.0213623046875 1155.7559814453125 1035.9462890625],[135.5157928466797 207.0139617919922 278.8369140625 252.115966796875],0.7318545579910278,KE64GYM,0.4319341171156547
423,106.0,[710.65625 580.8141479492188 1157.7567138671875 1035.91357421875],[135.5020294189453 208.7763214111328 280.63311767578125 254.7411346435547],0.7360264658927917,KE64GYM,0.863531066706277
424,106.0,[710.1066284179688 579.913818359375 1157.7017822265625 1037.6685791015625],[135.47457885742188 210.33285522460938 280.9684753417969 256.1904296875],0.7394896745681763,KE64GYH,0.3622046340383899
425,106.0,[708.9942016601562 579.5118408203125 1158.85986328125 1037.3304443359375],[137.74630737304688 210.3365020751953 283.70263671875 257.0816955566406],0.7320815920829773,KE64CYW,0.41478237722541383
426,106.0,[707.9051513671875 579.3548583984375 1158.3525390625 1037.9774169921875],[139.87953186035156 209.8875732421875 285.4516296386719 256.82977294921875],0.7445585131645203,KE64GYW,0.522988205556861
427,106.0,[706.902587890625 579.6392822265625 1158.867431640625 1039.96435546875],[140.13397216796875 210.44639587402344 286.75860595703125 257.4322204589844],0.745936393737793,KE64CYW,0.3187624332392108
428,106.0,[705.9326171875 580.04833984375 1160.046142578125 1041.3892822265625],[141.25643920898438 210.9248046875 288.06689453125 256.5758361816406],0.7499251961708069,KE64GYH,0.8179055781824227
429,106.0,[704.4754638671875 580.284912109375 1160.78173828125 1041.4793701171875],[140.2928466796875 211.53384399414062 288.6979675292969 258.4880676269531],0.7340533137321472,KE64GYH,0.751651800450382
430,106.0,[704.2977294921875 580.2750244140625 1160.9075927734375 1041.5416259765625],[140.2418975830078 211.71519470214844 288.8825988769531 258.4881286621094],0.7307026386260986,KE64GYH,0.7829734290508484
431,106.0,[702.1105346679688 580.5442504882812 1160.1678466796875 1042.7647705078125],[141.95639038085938 211.43759155273438 289.99322509765625 257.7992858886719],0.7404284477233887,KE64GYH,0.7696281945225366
432,106.0,[701.40625 580.9583740234375 1160.6300048828125 1043.4935302734375],[141.9441375732422 211.62754821777344 291.4884338378906 259.91241455078125],0.7422884702682495,KE64GYW,0.3477681153029114
433,106.0,[699.9561157226562 580.9862060546875 1161.0367431640625 1044.2296142578125],[143.72898864746094 212.3564453125 292.8109130859375 259.8780212402344],0.7434822916984558,KE64GYW,0.38143251811745266
434,106.0,[699.3159790039062 580.9285278320312 1160.8497314453125 1044.6182861328125],[143.96726989746094 212.11656188964844 294.5073547363281 259.346435546875],0.738017737865448,KE64GYN,0.7205474449821652
435,106.0,[698.7322998046875 580.8863525390625 1160.86279296875 1045.342529296875],[145.35397338867188 213.78334045410156 297.286865234375 261.7895202636719],0.737403392791748,KE64GYM,0.6238077370629623
436,106.0,[697.7783813476562 580.7207641601562 1161.692138671875 1045.5589599609375],[144.29598999023438 211.87347412109375 296.8496398925781 261.8806457519531],0.7366481423377991,KE64GYW,0.45965172729240855
437,106.0,[696.79736328125 580.6248168945312 1162.09130859375 1045.378173828125],[145.77113342285156 211.21243286132812 298.1605224609375 261.9523010253906],0.7478034496307373,KE64GYA,0.5437326362537942
438,106.0,[696.09619140625 580.5867309570312 1162.357421875 1045.0435791015625],[145.46868896484375 211.90841674804688 298.26776123046875 262.2392578125],0.7429485321044922,KE64GYM,0.350050041271138
439,106.0,[695.225830078125 580.5972900390625 1162.9339599609375 1046.509521484375],[146.8580322265625 211.76885986328125 298.5489807128906 261.8746337890625],0.7445671558380127,KE64GYM,0.6847648153398981
440,106.0,[695.31396484375 580.5218505859375 1163.2322998046875 1049.3961181640625],[145.64260864257812 214.3909149169922 298.6259765625 263.5044860839844],0.7511579394340515,KE64GYM,0.597818698364127
441,106.0,[696.020263671875 580.5084838867188 1163.866943359375 1049.6046142578125],[145.56105041503906 214.95347595214844 297.94921875 263.1872863769531],0.7536651492118835,KE64GYM,0.552146969245318
442,106.0,[695.9478149414062 580.3889770507812 1163.8724365234375 1049.6544189453125],[145.2942352294922 215.06837463378906 299.2300109863281 263.59210205078125],0.7409655451774597,KE64GYA,0.4587762576064001
443,106.0,[695.87744140625 580.3809204101562 1163.578125 1050.3115234375],[145.87518310546875 215.50787353515625 300.0285339355469 264.60906982421875],0.7403809428215027,KE64GYM,0.8292082565365512
444,106.0,[695.7367553710938 580.5656127929688 1163.7965087890625 1050.4854736328125],[145.9390106201172 215.60159301757812 300.1913757324219 264.28961181640625],0.7407204508781433,KE64GYN,0.41606149327686903
445,106.0,[695.3233032226562 580.7054443359375 1164.0606689453125 1050.6876220703125],[145.7842559814453 215.1781463623047 298.399169921875 262.93121337890625],0.7480801939964294,KE64GYM,0.8044494564872054
446,106.0,[695.1984252929688 580.6961059570312 1164.4044189453125 1049.517822265625],[146.068115234375 215.1896514892578 298.6302795410156 261.78961181640625],0.7187990546226501,KE64GYM,0.5181600184079614
447,106.0,[695.1237182617188 580.8231201171875 1164.4405517578125 1049.7666015625],[146.24563598632812 214.09683227539062 299.4818115234375 261.0935363769531],0.712652325630188,KE64GYH,0.6669798667973522
448,106.0,[695.470458984375 581.1946411132812 1164.34423828125 1049.411376953125],[145.7755889892578 214.26507568359375 299.6795959472656 261.81939697265625],0.7478160262107849,KE64GYH,0.7579706350321795
449,106.0,[695.3897094726562 581.448974609375 1164.2008056640625 1049.2896728515625],[145.950927734375 214.3953399658203 299.5924987792969 261.6983337402344],0.7490230798721313,KE64GYH,0.7636388864937692
450,106.0,[695.499267578125 581.5084838867188 1164.1141357421875 1049.4984130859375],[146.06719970703125 213.99766540527344 299.9638671875 262.1980895996094],0.7455390095710754,KE64GYW,0.938148636381081
451,106.0,[695.724853515625 581.4263916015625 1164.2618408203125 1049.145263671875],[146.2278594970703 213.94485473632812 300.14361572265625 261.9056091308594],0.7471060752868652,KE64GYR,0.6641634323362872
452,106.0,[696.0964965820312 581.2230224609375 1163.9107666015625 1049.19775390625],[145.1780242919922 215.02105712890625 298.4708251953125 261.16693115234375],0.7444297671318054,KE64GYM,0.8376919674005124
453,106.0,[696.2525024414062 581.6571044921875 1163.588623046875 1049.4642333984375],[145.20608520507812 214.213134765625 297.3815002441406 261.2149658203125],0.7439725995063782,KE64GYM,0.7965911257733115
454,106.0,[696.4553833007812 581.759765625 1163.45068359375 1049.955078125],[145.14068603515625 214.27503967285156 297.1508483886719 261.1074523925781],0.7442964911460876,KE64CYM,0.665501523902498
455,106.0,[696.527587890625 582.4883422851562 1163.5946044921875 1049.995849609375],[145.42710876464844 214.13478088378906 297.17529296875 261.081787109375],0.7375495433807373,KE64GYM,0.734395020824668
456,106.0,[694.9951782226562 583.1414794921875 1163.61376953125 1050.083251953125],[147.617431640625 214.53565979003906 300.9417419433594 262.1495056152344],0.7532387971878052,KE64GYR,0.20874506052441932
457,106.0,[694.8380126953125 583.2261962890625 1162.62158203125 1050.8067626953125],[147.8404998779297 214.7985076904297 300.8558654785156 261.68914794921875],0.7431895136833191,KE64GYN,0.43818476883445534
458,106.0,[695.1126098632812 583.76171875 1162.086669921875 1051.112548828125],[144.88070678710938 214.9055938720703 299.2401428222656 265.2974853515625],0.7160965800285339,KE64GYM,0.2590986921415907
459,106.0,[694.6920166015625 584.9529418945312 1161.5330810546875 1054.0037841796875],[147.85585021972656 216.28375244140625 300.99896240234375 264.0172119140625],0.7575581669807434,KE64GYN,0.39843244071665995
460,106.0,[694.7045288085938 585.26025390625 1161.4022216796875 1054.3863525390625],[146.70721435546875 214.87362670898438 299.9540100097656 262.5323486328125],0.7489808797836304,KE64GYW,0.4783843268573423
461,106.0,[694.5831298828125 585.4169311523438 1161.414306640625 1054.91845703125],[146.84017944335938 214.8893585205078 299.8999938964844 262.4056701660156],0.7485508918762207,KE64GYW,0.4813439572922736
462,106.0,[694.5772094726562 585.5560302734375 1161.557373046875 1055.603271484375],[147.57064819335938 214.95480346679688 299.8046569824219 261.39306640625],0.7380733489990234,KE64GYI,0.3384319776405287
